title,company,location,sponsor_status,sponsor_matched_name,salary,salary_vs_skilled_worker,date_posted,ats,url
Implementation Consultant Hospitality Applications Japan,One99 Consulting & Services,"Düsseldorf, North Rhine-Westphalia, Germany",likely,ING Services Limited,,not stated,2026-08-30,LinkedIn,https://www.linkedin.com/jobs/view/4460885624/
Werkstudent:in (m/w/d) Technical Integration & Customer Success,Docplanner,"Berlin, Germany",likely,Plan Limited,,not stated,2026-08-30,LinkedIn,https://www.linkedin.com/jobs/view/4460884413/
GIS ANALYST,Town Of Cary,"Cary, NC, US",not_found,,$93k–$153k/yr,not stated,2026-08-28,Indeed,https://www.indeed.com/viewjob?jk=0e56c504b10a7dfd
GIS Analyst II - Information Technology (0826),"COCONINO COUNTY, AZ","Flagstaff, AZ, US",likely,Count LTD,$69k–$79k/yr,not stated,2026-08-26,Indeed,https://www.indeed.com/viewjob?jk=b1bf1e6ecfb3a5c0
Senior Customer Success Manager (490DBFB),Referment,"New York, NY",not_found,,"$110,000.00/yr - $125,000.00/yr",not stated,2026-08-30,LinkedIn,https://www.linkedin.com/jobs/view/4460853512/
"Senior Compliance Analyst (MS), AML (Anti-Money Laundering)",ACA Group,"Rutherford, NJ",not_found,,,not stated,2026-08-30,LinkedIn,https://www.linkedin.com/jobs/view/4458813282/
"Senior Compliance Analyst (MS), AML (Anti-Money Laundering)",ACA Group,"North Dakota, United States",not_found,,,not stated,2026-08-30,LinkedIn,https://www.linkedin.com/jobs/view/4458820173/
"Senior Compliance Analyst (MS), AML (Anti-Money Laundering)",ACA Group,"Wisconsin, United States",not_found,,,not stated,2026-08-30,LinkedIn,https://www.linkedin.com/jobs/view/4458820174/
Material Planning Analyst - 1st Shift,"GXO Logistics, Inc.","Oklahoma, United States",confirmed,GXO Logistics UK Limited,,not stated,2026-08-29,LinkedIn,https://www.linkedin.com/jobs/view/4460853264/
"Customer Success Specialist, Entry Level",Jobright.ai,United States,not_found,,,not stated,2026-08-29,LinkedIn,https://www.linkedin.com/jobs/view/4459707009/
Compliance Analyst,RemoteHunter,United States,not_found,,,not stated,2026-08-29,LinkedIn,https://www.linkedin.com/jobs/view/4459700863/
"Compliance Analyst, Entry Level",Jobright.ai,United States,not_found,,,not stated,2026-08-29,LinkedIn,https://www.linkedin.com/jobs/view/4459484922/
Senior Town Planner ( Infrastructure Planning),WSP in the UK & Ireland,"Glasgow, Scotland, United Kingdom",not_found,,,not stated,2026-08-29,LinkedIn,https://www.linkedin.com/jobs/view/4433077966/
"Senior Presales Solutions Consultant, Card Issuing & Processing",FIS,"London, England, United Kingdom",not_found,,,not stated,2026-08-29,LinkedIn,https://www.linkedin.com/jobs/view/4432832006/
Implementation Consultant,Klipboard,"Gouda, South Holland, Netherlands",not_found,,,not stated,2026-08-29,LinkedIn,https://www.linkedin.com/jobs/view/4451074356/
Principal Urban Designer,Mott MacDonald,"Manchester, England, United Kingdom",confirmed,Mott MacDonald Ltd,,not stated,2026-08-28,LinkedIn,https://www.linkedin.com/jobs/view/4448775487/
Compliance Analyst - GRC,Rightmove,"London, England, United Kingdom",confirmed,Rightmove Group Ltd,,not stated,2026-08-28,LinkedIn,https://www.linkedin.com/jobs/view/4458423545/
Customer Success Associate,AgileGrid Solutions,United Kingdom,not_found,,,not stated,2026-08-29,LinkedIn,https://www.linkedin.com/jobs/view/4460593323/
Assistant Planner (Full Time) (Permanent),Renfrewshire Council,"Paisley, SCT, GB",confirmed,Renfrewshire Council,,not stated,2026-08-27,Indeed,https://uk.indeed.com/viewjob?jk=20447ed9b8b0a6ed
Principal Planning Officer (Strategic Planning),Maidstone Borough Council,"Maidstone, ENG, GB",confirmed,Maidstone Borough Council,,not stated,2026-08-26,Indeed,https://uk.indeed.com/viewjob?jk=bb4f9b3cd4d77713
Senior Planning Officer,Ipswich Borough Council,"Ipswich, ENG, GB",not_found,,,not stated,2026-08-26,Indeed,https://uk.indeed.com/viewjob?jk=705e3f77657b0d20
Graduate Urban Designer,ELLIOT THOMAS,"Newcastle upon Tyne, ENG, GB",not_found,,,not stated,2026-08-20,Indeed,https://uk.indeed.com/viewjob?jk=7a41c87bc97f499e
Graduate Planner,Fisher German,"Ashby-De-La-Zouch, ENG, GB",not_found,,,not stated,2026-08-11,Indeed,https://uk.indeed.com/viewjob?jk=e075a2a13cefa2fa
Principal Urban Designer,Mott MacDonald,"Birmingham, ENG, GB",confirmed,Mott MacDonald Ltd,,not stated,2026-08-07,Indeed,https://uk.indeed.com/viewjob?jk=b41e0e006dd2484f
Principal Planning Officer,Rother District Council,"Bexhill, ENG, GB",confirmed,Rother District Council,,not stated,2026-08-28,Indeed,https://uk.indeed.com/viewjob?jk=ab05449b731341c1
Senior Planning Officer - Development Management,TUNBRIDGE WELLS BOROUGH COUNCIL,"Royal Tunbridge Wells, ENG, GB",likely,"Bridge UK, Limited",,not stated,2026-08-28,Indeed,https://uk.indeed.com/viewjob?jk=8967ad70a109cc91
Development Management Co-ordinators,Falkirk Council & Falkirk Community Trust,"Falkirk, SCT, GB",likely,Falkirk Council,,not stated,2026-08-26,Indeed,https://uk.indeed.com/viewjob?jk=dc1ac88566f4dc94
Senior / Principal Town Planner,Mott MacDonald,"Altrincham, ENG, GB",confirmed,Mott MacDonald Ltd,,not stated,2026-08-26,Indeed,https://uk.indeed.com/viewjob?jk=ee1815e2740a7c0d
Planning Officer (Development Management),Civic Recruitment Limited,"Walsall, ENG, GB",confirmed,Civic Recruitment Limited,,not stated,2026-08-24,Indeed,https://uk.indeed.com/viewjob?jk=f17653e1d1a30a67
Principal Planning Officer (Development Management),Bromsgrove District Council,"Redditch, ENG, GB",not_found,,,not stated,2026-08-23,Indeed,https://uk.indeed.com/viewjob?jk=2d5126a27baf1229
Senior Planning Officer (Development Management),Bromsgrove District Council,"Redditch, ENG, GB",not_found,,,not stated,2026-08-23,Indeed,https://uk.indeed.com/viewjob?jk=818264f2c40ee04e
"Area Development Manager, (Development Management)",Braintree District Council,"Braintree, ENG, GB",confirmed,Braintree District Council,,not stated,2026-08-19,Indeed,https://uk.indeed.com/viewjob?jk=23cda797423cc14f
Senior Planning Officer,PublicaGroupWODC,"Witney, ENG, GB",not_found,,,not stated,2026-08-19,Indeed,https://uk.indeed.com/viewjob?jk=48771c98497107e7
Planning Officer,The City of London Corporation,"London, ENG, GB",confirmed,City of London Corporation,,not stated,2026-08-18,Indeed,https://uk.indeed.com/viewjob?jk=2e6be5075842076c
"Career Grade Planning Policy Officer (Planning Officer, Senior or Principal)",Runnymede,"Addlestone, ENG, GB",likely,Runnymede Cafe,,not stated,2026-08-17,Indeed,https://uk.indeed.com/viewjob?jk=fbf8ef423ef37c81
Lecturer in Urban Planning (50053038),University of Westminster,"London, ENG, GB",confirmed,University of Westminster,,not stated,2026-08-28,Indeed,https://uk.indeed.com/viewjob?jk=7ecf7235a88f8718
Senior Consultant- Transport Planning (Development Management),AECOM,"Bristol, ENG, GB",confirmed,AECOM LIMITED,,not stated,2026-08-26,Indeed,https://uk.indeed.com/viewjob?jk=e8010f3a863bb295
Senior Consultant- Transport Planning (Development Management),AECOM,"Birmingham, ENG, GB",confirmed,AECOM LIMITED,,not stated,2026-08-26,Indeed,https://uk.indeed.com/viewjob?jk=f240e63b0eba509d
Senior Consultant- Transport Planning (Development Management),AECOM,"St Albans, ENG, GB",confirmed,AECOM LIMITED,,not stated,2026-08-26,Indeed,https://uk.indeed.com/viewjob?jk=df44a5b7fd3d030f
Planning Policy Technician,North Devon Council,"Barnstaple, ENG, GB",not_found,,,not stated,2026-08-26,Indeed,https://uk.indeed.com/viewjob?jk=373377d14592fb6c
Senior Planning Policy Officer,Hull City Council,"Kingston upon Hull, ENG, GB",confirmed,Hull City Council,,not stated,2026-08-25,Indeed,https://uk.indeed.com/viewjob?jk=3960f1dab18cfeb8
Senior Planning Officer,MORAY COUNCIL,"Elgin, SCT, GB",confirmed,Moray Council,,not stated,2026-08-20,Indeed,https://uk.indeed.com/viewjob?jk=a77f345bb9807427
Consultant Town Planner,Arup,"Newcastle upon Tyne, ENG, GB",likely,Hemaraji Santharupan T/A Baba Food City,,not stated,2026-08-10,Indeed,https://uk.indeed.com/viewjob?jk=be1bef2d43f342a5
Assistant Planner - Channel Trading (FTC),Michael Kors,"London, ENG, GB",confirmed,Michael Kors UK Limited,,not stated,2026-08-25,Indeed,https://uk.indeed.com/viewjob?jk=1b4113afc7310d97
Assistant Planner - Trading,Michael Kors,"London, ENG, GB",confirmed,Michael Kors UK Limited,,not stated,2026-08-25,Indeed,https://uk.indeed.com/viewjob?jk=79bf3f791b08440c
Graduate Planner,Local Government Jobs Ireland,"Waterford, WD, IE",likely,THE LOCAL,,not stated,2026-08-20,Indeed,https://ie.indeed.com/viewjob?jk=e9056a069e252938
Graduate Planner,Local Government Jobs Ireland,"MH, IE",likely,THE LOCAL,,not stated,2026-08-11,Indeed,https://ie.indeed.com/viewjob?jk=8fbdc4265441a17a
Senior Town / Urban Planner,Unknown,"DUBLIN 2, D, IE",likely,Agency Unknown,,not stated,2026-08-25,Indeed,https://ie.indeed.com/viewjob?jk=7f09b7e3112fd43c
Assistant Planner - Rolling Competition Q3 2026,Local Government Jobs Ireland,"Wexford, WX, IE",likely,THE LOCAL,,not stated,2026-07-09,Indeed,https://ie.indeed.com/viewjob?jk=b231316ae13c883b
Assistant Planner,Local Government Jobs Ireland,"Dublin, D, IE",likely,THE LOCAL,,not stated,2026-08-10,Indeed,https://ie.indeed.com/viewjob?jk=8161f8f89f52c1e7
Assistant Planner (Rolling Recruitment),South Dublin County Council,"South Dublin, D, IE",likely,Count LTD,,not stated,2026-07-31,Indeed,https://ie.indeed.com/viewjob?jk=a7b9f88be87a018b
Assistant Planner,Local Government Jobs Ireland,"Kildare, KE, IE",likely,THE LOCAL,,not stated,2026-03-11,Indeed,https://ie.indeed.com/viewjob?jk=4818991c1f257de0
Associate Town Planning,Ramboll,"London, England, United Kingdom",confirmed,Ramboll UK Limited,,not stated,2026-08-28,LinkedIn,https://www.linkedin.com/jobs/view/4460507611/
Senior Planner - Development Management,Norwich City Council,"Norwich, England, United Kingdom",confirmed,Norwich City Council,,not stated,2026-08-28,LinkedIn,https://www.linkedin.com/jobs/view/4453580427/
Senior Account Executive – PropTech & Smart Buildings,Propel,"London Area, United Kingdom",confirmed,Propel Holdings Limited,,not stated,2026-08-28,LinkedIn,https://www.linkedin.com/jobs/view/4460351339/
"Customer Success Manager, Civil Government",Planet,"London, England, United Kingdom",confirmed,Planet Holding Ltd,,not stated,2026-08-28,LinkedIn,https://www.linkedin.com/jobs/view/4460390112/
Scaled Customer Success Manager,Perceptyx,"London, England, United Kingdom",confirmed,PERCEPTYX UK LTD,,not stated,2026-08-28,LinkedIn,https://www.linkedin.com/jobs/view/4460536327/
Compliance Analyst,AXIS (AXIS Capital),"London, England, United Kingdom",likely,Capita Plc,,not stated,2026-08-28,LinkedIn,https://www.linkedin.com/jobs/view/4449746749/
Principal to Associate Town Planner (Strategic Land),Cobalt Recruitment,"Reading, England, United Kingdom",likely,COBA Holdings Limited,,not stated,2026-08-28,LinkedIn,https://www.linkedin.com/jobs/view/4458076449/
Customer Success Specialist,Verdantix,"London, England, United Kingdom",confirmed,Verdantix Limited,,not stated,2026-08-28,LinkedIn,https://www.linkedin.com/jobs/view/4441976186/
Urban & Town Planner,AllSite Staffing,"Galway, County Galway, Ireland",not_found,,,not stated,2026-08-28,LinkedIn,https://www.linkedin.com/jobs/view/4458948943/
Co-Founder | Dutch Real Estate / PropTech,PropVeritas,Netherlands,not_found,,,not stated,2026-08-28,LinkedIn,https://www.linkedin.com/jobs/view/4458935521/
Customer Success Manager,Shiftbase,"Amsterdam, North Holland, Netherlands",not_found,,,not stated,2026-08-28,LinkedIn,https://www.linkedin.com/jobs/view/4460309474/
Customer Success Consultant – Vastgoed,Renor,"Amsterdam, North Holland, Netherlands",likely,ENTREPRENOR LIMITED,,not stated,2026-08-28,LinkedIn,https://www.linkedin.com/jobs/view/4460351673/
Senior Solutions Consultant,Rohlik Group,"Berlin, Berlin, Germany",not_found,,,not stated,2026-08-28,LinkedIn,https://www.linkedin.com/jobs/view/4432582428/
Customer Success Manager,Spacewell,"Ratingen, North Rhine-Westphalia, Germany",likely,CEWE Limited,,not stated,2026-08-28,LinkedIn,https://www.linkedin.com/jobs/view/4460301497/
"Customer Success Manager, Civil Government",Planet,"Berlin, Berlin, Germany",confirmed,Planet Holding Ltd,,not stated,2026-08-28,LinkedIn,https://www.linkedin.com/jobs/view/4460376243/
Senior Consultant- Transport Planning (Development Management),AECOM,"London, England, United Kingdom",confirmed,AECOM LIMITED,,not stated,2026-08-27,LinkedIn,https://www.linkedin.com/jobs/view/4457996152/
Town Planner / Senior Town Planner,Stantec,"Cambridge, England, United Kingdom",confirmed,Stantec UK Ltd,,not stated,2026-08-27,LinkedIn,https://www.linkedin.com/jobs/view/4449390545/
Solutions Consultant,Synthesia,"London, England, United Kingdom",confirmed,Synthesia Limited,,not stated,2026-08-27,LinkedIn,https://www.linkedin.com/jobs/view/4404506393/
Customer Success Manager,Plentific,"London, England, United Kingdom",confirmed,Plentific,,not stated,2026-08-27,LinkedIn,https://www.linkedin.com/jobs/view/4458642683/
Customer Success Manager,Vencora,"Halifax, England, United Kingdom",not_found,,,not stated,2026-08-27,LinkedIn,https://www.linkedin.com/jobs/view/4459660255/
Digital Planning Coordinator,BBC Studios,"London, England, United Kingdom",not_found,,,not stated,2026-08-27,LinkedIn,https://www.linkedin.com/jobs/view/4458014189/
Town Planning Manager,Heathrow,"London, England, United Kingdom",likely,Acre Heathrow Limited,,not stated,2026-08-27,LinkedIn,https://www.linkedin.com/jobs/view/4435995720/
Junior Planner Kustwacht,Ministerie van Defensie,"Den Helder, North Holland, Netherlands",not_found,,,not stated,2026-08-27,LinkedIn,https://www.linkedin.com/jobs/view/4458017673/
De Rijksoverheid zoekt: Junior Planner Kustwacht,Kustwacht Nederland,"Den Helder, North Holland, Netherlands",not_found,,,not stated,2026-08-27,LinkedIn,https://www.linkedin.com/jobs/view/4459693054/
(Senior) Consultant Digital Planning Transformation,Deloitte,"Amsterdam, North Holland, Netherlands",confirmed,Deloitte LLP,,not stated,2026-08-27,LinkedIn,https://www.linkedin.com/jobs/view/4458002713/
Assistant Town Planner,Vella Recruitment,"London Area, United Kingdom",not_found,,,not stated,2026-08-26,LinkedIn,https://www.linkedin.com/jobs/view/4459168066/
Planning Consultant,Vella Recruitment,"London Area, United Kingdom",not_found,,,not stated,2026-08-26,LinkedIn,https://www.linkedin.com/jobs/view/4459177181/
Town Planner,Vella Recruitment,"Cardiff, Wales, United Kingdom",not_found,,,not stated,2026-08-26,LinkedIn,https://www.linkedin.com/jobs/view/4459178056/
Senior Town Planner,GREEN PLANNING SERVICES,"Shrewsbury, England, United Kingdom",likely,ING Services Limited,,not stated,2026-08-26,LinkedIn,https://www.linkedin.com/jobs/view/4459174261/
Senior Town Planner,Mott MacDonald,"Bristol, England, United Kingdom",confirmed,Mott MacDonald Ltd,,not stated,2026-08-26,LinkedIn,https://www.linkedin.com/jobs/view/4459173628/
Senior Customer Success Manager at AI PropTech SaaS,Grey Matter Recruitment,"London Area, United Kingdom",not_found,,,not stated,2026-08-26,LinkedIn,https://www.linkedin.com/jobs/view/4457218947/
Customer Success Executive,InTouch Case Management,"England, United Kingdom",not_found,,,not stated,2026-08-26,LinkedIn,https://www.linkedin.com/jobs/view/4459315490/
Compliance Analyst,Insite Energy,"Cambridgeshire, England, United Kingdom",not_found,,,not stated,2026-08-26,LinkedIn,https://www.linkedin.com/jobs/view/4457226942/
Technical Product Manager at AI PropTech SaaS,Grey Matter Recruitment,"London Area, United Kingdom",not_found,,,not stated,2026-08-26,LinkedIn,https://www.linkedin.com/jobs/view/4457235860/
Space Planning Analyst - 12 Month Parental Leave Cover,Tesco,"Welwyn Garden City, England, United Kingdom",likely,ATESCO CONSULTANCY LTD,,not stated,2026-08-26,LinkedIn,https://www.linkedin.com/jobs/view/4457913622/
Town Planner,TipTopJob,"Cambridge, England, United Kingdom",not_found,,,not stated,2026-08-26,LinkedIn,https://www.linkedin.com/jobs/view/4459309091/
Principal Planning Officer,London Borough of Hackney,"Hackney, England, United Kingdom",confirmed,London Borough of Hackney,,not stated,2026-08-26,LinkedIn,https://www.linkedin.com/jobs/view/4449435505/
Resource Planning Analyst,Autoglass®,"Cardington, England, United Kingdom",likely,UK Glass Ltd,,not stated,2026-08-26,LinkedIn,https://www.linkedin.com/jobs/view/4459171479/
"Customer Success Manager, EMEA",Cellebrite,"London, England, United Kingdom",confirmed,Cellebrite UK Limited,,not stated,2026-08-26,LinkedIn,https://www.linkedin.com/jobs/view/4424461968/
Customer Success Manager,Exiger,"London, England, United Kingdom",confirmed,Exiger Limited,,not stated,2026-08-26,LinkedIn,https://www.linkedin.com/jobs/view/4447374164/
Customer Success Executive (12 Month Contract),Distilled,"County Dublin, Ireland",not_found,,,not stated,2026-08-26,LinkedIn,https://www.linkedin.com/jobs/view/4459193891/
Compliance Analyst - Super ManCo,Darwin Hawkins,"Dublin, County Dublin, Ireland",not_found,,,not stated,2026-08-26,LinkedIn,https://www.linkedin.com/jobs/view/4457375555/
Customer Success Manager,Aivory,Netherlands,not_found,,,not stated,2026-08-26,LinkedIn,https://www.linkedin.com/jobs/view/4459144282/
Graduate Town Planner - Infrastructure - 2027 (Cambridge),Stantec,"Cambridge, England, United Kingdom",confirmed,Stantec UK Ltd,,not stated,2026-08-25,LinkedIn,https://www.linkedin.com/jobs/view/4447998983/
Graduate Town Planner - Community Development - 2027 (Manchester),Stantec,"Manchester, England, United Kingdom",confirmed,Stantec UK Ltd,,not stated,2026-08-25,LinkedIn,https://www.linkedin.com/jobs/view/4448206309/
Planning Officer,WMJobs,Greater Stoke-on-Trent Area,not_found,,,not stated,2026-08-25,LinkedIn,https://www.linkedin.com/jobs/view/4457414869/
Principal Town Planner,SYSTRA UK & Ireland,"York, England, United Kingdom",likely,SYSTRA Ltd,,not stated,2026-08-25,LinkedIn,https://www.linkedin.com/jobs/view/4440031470/
Customer Success Manager (£60k base + 20% OTE),Cosmic Partners,"London Area, United Kingdom",likely,Partners Group (UK) Ltd.,,not stated,2026-08-25,LinkedIn,https://www.linkedin.com/jobs/view/4457465360/
Customer Success Management Associate (German Speaking),Moody's Corporation,"Manchester, England, United Kingdom",not_found,,,not stated,2026-08-25,LinkedIn,https://www.linkedin.com/jobs/view/4459055057/
Risk and Compliance Analyst,Asta Capital Limited,"London, England, United Kingdom",likely,Capita Plc,,not stated,2026-08-25,LinkedIn,https://www.linkedin.com/jobs/view/4458775850/
Customer Success Lead,NewSpace Technical,"London Area, United Kingdom",likely,NICA LTD,,not stated,2026-08-25,LinkedIn,https://www.linkedin.com/jobs/view/4457616477/
Customer Success Product Specialist,Octus,"London, England, United Kingdom",likely,Octus Intelligence Limited,,not stated,2026-08-25,LinkedIn,https://www.linkedin.com/jobs/view/4445140750/
Assistant Planner,Gold Group Ltd,"London Area, United Kingdom",likely,Adams Gold Limited,,not stated,2026-08-25,LinkedIn,https://www.linkedin.com/jobs/view/4456911314/
Senior Town Planner,Jacobs,"Dublin, County Dublin, Ireland",confirmed,Jacobs Holding LLP,,not stated,2026-08-25,LinkedIn,https://www.linkedin.com/jobs/view/4402981207/
Trade Compliance Analyst,Perrigo Company plc,"Dublin, County Dublin, Ireland",not_found,,,not stated,2026-08-25,LinkedIn,https://www.linkedin.com/jobs/view/4456925378/
Customer Success Manager,Harnham,"Amsterdam, North Holland, Netherlands",likely,Harnham Search and Selection Limited,,not stated,2026-08-25,LinkedIn,https://www.linkedin.com/jobs/view/4414585377/
Customer Success Manager (Software Landwirtschaft/Transport),FarmAct,"Augsburg, Bavaria, Germany",not_found,,,not stated,2026-08-25,LinkedIn,https://www.linkedin.com/jobs/view/4451137067/
Customer Success Engineer - YouTrack,JetBrains,"Berlin, Berlin, Germany",confirmed,JETBRAINS UK LIMITED,,not stated,2026-08-25,LinkedIn,https://www.linkedin.com/jobs/view/4456971159/
Assistant Spatial Planner,National Highways,"Leeds, England, United Kingdom",confirmed,National Highways,,not stated,2026-08-24,LinkedIn,https://www.linkedin.com/jobs/view/4455898566/
Graduate Major Infrastructure Planner - Community Development - London or Cambridge - 2027,Stantec,"London, England, United Kingdom",confirmed,Stantec UK Ltd,,not stated,2026-08-24,LinkedIn,https://www.linkedin.com/jobs/view/4447900915/
Town Planner,Studiorogers Architects,"Belfast, Northern Ireland, United Kingdom",likely,@ Architect UK Ltd,,not stated,2026-08-24,LinkedIn,https://www.linkedin.com/jobs/view/4458231353/
Planning Officer,Stoke-on-Trent City Council,"Stoke-On-Trent, England, United Kingdom",confirmed,Stoke-on-Trent City Council,,not stated,2026-08-24,LinkedIn,https://www.linkedin.com/jobs/view/4458184580/
Senior Associate  - Town Planner  - Birmingham,Newmark UK,"Birmingham, England, United Kingdom",confirmed,Newmark Holdings Limited,,not stated,2026-08-24,LinkedIn,https://www.linkedin.com/jobs/view/4455880806/
Senior Location Strategy & Planning Analyst,Whitbread,"Houghton Regis, England, United Kingdom",confirmed,Whitbread Group Plc,,not stated,2026-08-24,LinkedIn,https://www.linkedin.com/jobs/view/4458508639/
Graduate Planner (Major Projects) - Water - 2027 (Glasgow),Stantec,"Glasgow, Scotland, United Kingdom",confirmed,Stantec UK Ltd,,not stated,2026-08-24,LinkedIn,https://www.linkedin.com/jobs/view/4447699939/
Graduate Planner (Major Projects) - Water - 2027 (Reading),Stantec,"Reading, England, United Kingdom",confirmed,Stantec UK Ltd,,not stated,2026-08-24,LinkedIn,https://www.linkedin.com/jobs/view/4447913504/
Compliance Analyst,MERJE,"Reading, England, United Kingdom",confirmed,MERJE Limited,,not stated,2026-08-24,LinkedIn,https://www.linkedin.com/jobs/view/4456506420/
Principal Planning Officer Career Grade,Lewisham Council,"London, England, United Kingdom",not_found,,,not stated,2026-08-24,LinkedIn,https://www.linkedin.com/jobs/view/4455891514/
Town Planner,Global Professional Consultants,"Dublin, County Dublin, Ireland",likely,Consulta Limited,,not stated,2026-08-24,LinkedIn,https://www.linkedin.com/jobs/view/4457104060/
Customer Success Manager,UpGuard,"Dublin, County Dublin, Ireland",not_found,,,not stated,2026-08-24,LinkedIn,https://www.linkedin.com/jobs/view/4457148782/
Customer Success Specialist,Tap Retail - Shop Local,"Sandyford, Dún Laoghaire-Rathdown, Ireland",likely,SHOP INC LTD,,not stated,2026-08-24,LinkedIn,https://www.linkedin.com/jobs/view/4455879742/
"Customer Success Manager, High Touch",Fin,"Dublin, County Dublin, Ireland",not_found,,,not stated,2026-08-24,LinkedIn,https://www.linkedin.com/jobs/view/4458284449/
Customer Success Manager - Quality,Veeva Systems,Ireland,confirmed,Veeva Systems UK Ltd,,not stated,2026-08-24,LinkedIn,https://www.linkedin.com/jobs/view/4430083056/
Graduate Customer Success Manager at Dublin Tech Company (€30-45k base salary + Hybrid),Tangent,"Dublin, County Dublin, Ireland",likely,Tang & Co Limited,,not stated,2026-08-24,LinkedIn,https://www.linkedin.com/jobs/view/4458201205/
Customer Success Manager (Dutch-speaking),Rentman,"Utrecht, Netherlands",not_found,,,not stated,2026-08-24,LinkedIn,https://www.linkedin.com/jobs/view/4458194515/
Customer Success & Operations Manager (m/w/d) - Construction Tech,Flexxter GmbH,"Hannover, Lower Saxony, Germany",not_found,,,not stated,2026-08-24,LinkedIn,https://www.linkedin.com/jobs/view/4456519868/
Customer Success Manager (DACH),Mentimeter,"Berlin, Germany",likely,TIMET UK LIMITED,,not stated,2026-08-24,LinkedIn,https://www.linkedin.com/jobs/view/4458502833/
Lead Strategy & Planning Analyst Retail Media,Just Eat Takeaway.com,"London, England, United Kingdom",likely,Just Eat Holding Limited,,not stated,2026-08-23,LinkedIn,https://www.linkedin.com/jobs/view/4436653108/
Compliance Analyst,Millennium,"Dublin, County Dublin, Ireland",likely,Eric Ahaley t/a Millennium Dental Care,,not stated,2026-08-23,LinkedIn,https://www.linkedin.com/jobs/view/4371525991/
Town Planner,Brown&Co LLP,"Cambridge, England, United Kingdom",likely,AW Brown Dental Practice,,not stated,2026-08-22,LinkedIn,https://www.linkedin.com/jobs/view/4457819932/
Town Planner (Infrastructure Planning),WSP in the UK & Ireland,"London, England, United Kingdom",not_found,,,not stated,2026-08-22,LinkedIn,https://www.linkedin.com/jobs/view/4439093987/
"Customer success manager, enterprise",Watershed,"London, England, United Kingdom",likely,La Tahzan Centre Limited T/A Watershed Customs Services,,not stated,2026-08-22,LinkedIn,https://www.linkedin.com/jobs/view/4425530140/
Graduate Planner,Jennings O'Donovan & Partners,"Sligo, County Sligo, Ireland",likely,Partners Group (UK) Ltd.,,not stated,2026-08-22,LinkedIn,https://www.linkedin.com/jobs/view/4419084970/
Graduate Planner,Avison Young,"Bristol, England, United Kingdom",confirmed,Avison Young (UK) Limited,,not stated,2026-08-21,LinkedIn,https://www.linkedin.com/jobs/view/4456052981/
Graduate Highways Development Management Engineer,West Northamptonshire Council,"Brackley, England, United Kingdom",confirmed,West Northamptonshire Council,,not stated,2026-08-21,LinkedIn,https://www.linkedin.com/jobs/view/4456725210/
Staff Customer Success Engineer - Prisma AIRS,Palo Alto Networks,"London, England, United Kingdom",confirmed,PALO ALTO NETWORKS (UK) LIMITED,,not stated,2026-08-21,LinkedIn,https://www.linkedin.com/jobs/view/4434896274/
Town Planner,Nicholas O'Dwyer Ltd,"Dublin, County Dublin, Ireland",not_found,,,not stated,2026-08-21,LinkedIn,https://www.linkedin.com/jobs/view/4418243805/
Regulatory Analyst,EirGrid Group,"Dublin, County Dublin, Ireland",not_found,,,not stated,2026-08-21,LinkedIn,https://www.linkedin.com/jobs/view/4457317408/
Customer Success Manager,HoorayHR,"Utrecht, Utrecht, Netherlands",likely,HOOR LIMITED,,not stated,2026-08-21,LinkedIn,https://www.linkedin.com/jobs/view/4457084743/
Associate Town Planner,Vivid Resourcing,"York, England, United Kingdom",not_found,,,not stated,2026-08-20,LinkedIn,https://www.linkedin.com/jobs/view/4456494483/
Senior Planning Consultant,Newmark,"London, England, United Kingdom",confirmed,Newmark Holdings Limited,,not stated,2026-08-20,LinkedIn,https://www.linkedin.com/jobs/view/4455697797/
Spatial Planner Manager,National Highways,"Bedford, England, United Kingdom",confirmed,National Highways,,not stated,2026-08-20,LinkedIn,https://www.linkedin.com/jobs/view/4454131142/
Principal Planning Officer,Royal Borough of Kensington and Chelsea,"London, England, United Kingdom",confirmed,The Royal Borough of Kensington and Chelsea,,not stated,2026-08-20,LinkedIn,https://www.linkedin.com/jobs/view/4440307818/
Senior Associate - Town Planning,Newmark,"Birmingham, England, United Kingdom",confirmed,Newmark Holdings Limited,,not stated,2026-08-20,LinkedIn,https://www.linkedin.com/jobs/view/4455682837/
Customer Success Manager - Scale,Certinia,"London Area, United Kingdom",confirmed,CERTINIA UK LIMITED,,not stated,2026-08-20,LinkedIn,https://www.linkedin.com/jobs/view/4446817792/
Graduate Highways Development Management Engineer,The Guildhall Northampton,"Northampton, England, United Kingdom",not_found,,,not stated,2026-08-20,LinkedIn,https://www.linkedin.com/jobs/view/4454115737/
Planning Officer,Elmbridge Borough Council,"Esher, England, United Kingdom",likely,"Bridge UK, Limited",,not stated,2026-08-20,LinkedIn,https://www.linkedin.com/jobs/view/4453899747/
Town Planner,PropSource Consulting,"London Area, United Kingdom",likely,OPSO LTD,,not stated,2026-08-20,LinkedIn,https://www.linkedin.com/jobs/view/4446742978/
Customer Success Manager - International,ThreatModeler,"London, England, United Kingdom",not_found,,,not stated,2026-08-20,LinkedIn,https://www.linkedin.com/jobs/view/4454567305/
Graduate - Risk and Compliance Analyst,humm group,"Dublin, County Dublin, Ireland",likely,ASLAM GHUMMAN AND SONS,,not stated,2026-08-20,LinkedIn,https://www.linkedin.com/jobs/view/4456476109/
"Senior Compliance Analyst, Compliance & Regulatory Affairs",AXA XL,"Dublin, County Dublin, Ireland",likely,XL CATLIN SERVICES SE T/A 'AXA XL',,not stated,2026-08-20,LinkedIn,https://www.linkedin.com/jobs/view/4456744056/
Tax Compliance Analyst,John Paul Construction,"Dublin, County Dublin, Ireland",confirmed,John Paul Construction Limited,,not stated,2026-08-20,LinkedIn,https://www.linkedin.com/jobs/view/4456725804/
Customer Success Manager - AI Marketing,InSpace,Eindhoven Area,likely,Finspace Group Limited,,not stated,2026-08-20,LinkedIn,https://www.linkedin.com/jobs/view/4456719404/
Customer Success Lead (w/m/d),Proliance,"Munich, Bavaria, Germany",not_found,,,not stated,2026-08-20,LinkedIn,https://www.linkedin.com/jobs/view/4437804815/
(Senior) Customer Success Manager (m/w/d),Companyon Analytics GmbH,"Düsseldorf, North Rhine-Westphalia, Germany",not_found,,,not stated,2026-08-20,LinkedIn,https://www.linkedin.com/jobs/view/4456712985/
(Senior) Compliance Analyst (d/w/m) | Vollzeit/Teilzeit,DEG,"Cologne, North Rhine-Westphalia, Germany",not_found,,,not stated,2026-08-20,LinkedIn,https://www.linkedin.com/jobs/view/4456704548/
Housing Delivery Officer,Plymouth City Council,"Plymouth, England, United Kingdom",confirmed,Plymouth City Council,,not stated,2026-08-19,LinkedIn,https://www.linkedin.com/jobs/view/4452269280/
Planning Officer,Wirral Council,"Merseyside, England, United Kingdom",confirmed,Wirral Council,,not stated,2026-08-19,LinkedIn,https://www.linkedin.com/jobs/view/4453411689/
Senior Town Planner- Manchester,Rapleys,"Manchester, England, United Kingdom",confirmed,Rapleys LLP,,not stated,2026-08-19,LinkedIn,https://www.linkedin.com/jobs/view/4456355482/
Town Planner,Binnies,"East Sussex, England, United Kingdom",likely,inni Ltd,,not stated,2026-08-19,LinkedIn,https://www.linkedin.com/jobs/view/4429114571/
Supply Chain Planning Analyst,Frive,"Gillingham, England, United Kingdom",likely,BIDEM AFRIVENTURE LIMITED,,not stated,2026-08-19,LinkedIn,https://www.linkedin.com/jobs/view/4456327483/
"Micromobility Planning Analyst, AMZL - ORION - Onroad Resourcing, Intelligence & OptimizatioN",Amazon,"London, England, United Kingdom",likely,Amazon Charitable Trust,,not stated,2026-08-19,LinkedIn,https://www.linkedin.com/jobs/view/4455907009/
Compliance Analyst,IDEX Consulting Ltd,"London, England, United Kingdom",not_found,,,not stated,2026-08-19,LinkedIn,https://www.linkedin.com/jobs/view/4455423083/
Compliance Analyst,Brit Insurance,"London Area, United Kingdom",not_found,,,not stated,2026-08-19,LinkedIn,https://www.linkedin.com/jobs/view/4453479372/
Graduate Major Infrastructure Planner - Community Development - Southampton - 2027,Stantec,"Southampton, England, United Kingdom",confirmed,Stantec UK Ltd,,not stated,2026-08-19,LinkedIn,https://www.linkedin.com/jobs/view/4455421486/
Principal Town Planner (Policy),AECOM,"Basingstoke, England, United Kingdom",confirmed,AECOM LIMITED,,not stated,2026-08-19,LinkedIn,https://www.linkedin.com/jobs/view/4453714659/
Customer Success Manager,Smartling,Ireland,not_found,,,not stated,2026-08-19,LinkedIn,https://www.linkedin.com/jobs/view/4453478821/
Customer Success Manager,Trustpilot,"Amsterdam, North Holland, Netherlands",confirmed,Trustpilot Ltd,,not stated,2026-08-19,LinkedIn,https://www.linkedin.com/jobs/view/4437752165/
(Senior) Customer Success Manager (f/m/d),Predium,"Munich, Bavaria, Germany",not_found,,,not stated,2026-08-19,LinkedIn,https://www.linkedin.com/jobs/view/4406710467/
Graduate Town Planner,Vivid Resourcing,"Cheltenham, England, United Kingdom",not_found,,,not stated,2026-08-18,LinkedIn,https://www.linkedin.com/jobs/view/4443392997/
Assistant Planner - Civil Engineering,Balfour Beatty plc,"Motherwell, Scotland, United Kingdom",likely,Balfour Beatty Group Employment Limited,,not stated,2026-08-18,LinkedIn,https://www.linkedin.com/jobs/view/4452831638/
GIS Analyst,Balfour Beatty plc,"Penrith, England, United Kingdom",likely,Balfour Beatty Group Employment Limited,,not stated,2026-08-18,LinkedIn,https://www.linkedin.com/jobs/view/4452813094/
Town Planner- Birmingham,Rapleys,"Birmingham, England, United Kingdom",confirmed,Rapleys LLP,,not stated,2026-08-18,LinkedIn,https://www.linkedin.com/jobs/view/4455772647/
Town Planner,Tetra Tech Europe,"Belfast, Northern Ireland, United Kingdom",likely,A-TEC LIMITED,,not stated,2026-08-18,LinkedIn,https://www.linkedin.com/jobs/view/4445725448/
Customer Success Manager – Civil Engineering & Construction,Sensat,"London, England, United Kingdom",likely,EVERY SENSATION CARE LTD,,not stated,2026-08-18,LinkedIn,https://www.linkedin.com/jobs/view/4455597773/
Compliance Analyst,Ascot Group,"London, England, United Kingdom",likely,ASCO UK Ltd,,not stated,2026-08-18,LinkedIn,https://www.linkedin.com/jobs/view/4433956668/
Development Control and Travel Planning Officer,Royal Borough of Greenwich,"London, England, United Kingdom",not_found,,,not stated,2026-08-18,LinkedIn,https://www.linkedin.com/jobs/view/4452768131/
Town Planner,Vivid Resourcing,"London Area, United Kingdom",not_found,,,not stated,2026-08-18,LinkedIn,https://www.linkedin.com/jobs/view/4455741033/
Senior Customer Success Manager (French Speaking),Fitch Ratings,"London, England, United Kingdom",confirmed,Fitch Ratings Limited,,not stated,2026-08-18,LinkedIn,https://www.linkedin.com/jobs/view/4445745522/
Graduate Customer Success,Blenheim Chalcot,"London, England, United Kingdom",likely,Blenheim Chalcot LTF Limited,,not stated,2026-08-18,LinkedIn,https://www.linkedin.com/jobs/view/4437456188/
Senior Town Planner / Associate Town Planner,Stantec,"Reading, England, United Kingdom",confirmed,Stantec UK Ltd,,not stated,2026-08-18,LinkedIn,https://www.linkedin.com/jobs/view/4454702756/
Senior GIS Analyst,Actavo,"Dublin, County Dublin, Ireland",not_found,,,not stated,2026-08-18,LinkedIn,https://www.linkedin.com/jobs/view/4454798455/
Solutions Consultant,Chargebee,"Dublin, County Dublin, Ireland",not_found,,,not stated,2026-08-18,LinkedIn,https://www.linkedin.com/jobs/view/4452845126/
Customer Success Manager - Rotterdam,Dalux,"Rotterdam, South Holland, Netherlands",not_found,,,not stated,2026-08-18,LinkedIn,https://www.linkedin.com/jobs/view/4437181382/
Sr. Compliance Analyst - EU,"BISSELL Homecare, Inc.","Amsterdam, North Holland, Netherlands",likely,Care & Co Ltd,,not stated,2026-08-18,LinkedIn,https://www.linkedin.com/jobs/view/4452594274/
Geospatial Data Analyst (f/m/x) in the field of AI & Satellite Data,LiveEO,"Berlin, Berlin, Germany",not_found,,,not stated,2026-08-18,LinkedIn,https://www.linkedin.com/jobs/view/4454400127/
Fixed-term Planning Officer - Development Management,Teignbridge District Council,"Newton Abbot, England, United Kingdom",likely,"Bridge UK, Limited",,not stated,2026-08-17,LinkedIn,https://www.linkedin.com/jobs/view/4451220697/
Geospatial Analyst,The Crown Estate,"London, England, United Kingdom",confirmed,The Crown Estate,,not stated,2026-08-17,LinkedIn,https://www.linkedin.com/jobs/view/4455375059/
Vacancies :  Policy Planning Officer (Fixed Term),West Dunbartonshire Council,"Dumbarton, Scotland, United Kingdom",likely,The West Group,,not stated,2026-08-17,LinkedIn,https://www.linkedin.com/jobs/view/4454211326/
Principal / Associate Spatial Planner,AtkinsRéalis,"Manchester, England, United Kingdom",not_found,,,not stated,2026-08-17,LinkedIn,https://www.linkedin.com/jobs/view/4453343115/
"Customer Success Manager, Birmingham",Dalux,"Birmingham, England, United Kingdom",not_found,,,not stated,2026-08-17,LinkedIn,https://www.linkedin.com/jobs/view/4416217542/
Customer Success Manager - L2,Street Group,"Manchester, England, United Kingdom",likely,10 DINING STREET LIMITED,,not stated,2026-08-17,LinkedIn,https://www.linkedin.com/jobs/view/4454403524/
BD & Partnerships Manager (Proptech Startup),Propelr,"London Area, United Kingdom",likely,Propel Holdings Limited,,not stated,2026-08-17,LinkedIn,https://www.linkedin.com/jobs/view/4455377351/
Enterprise Customer Success Manager -EMEA,Harvey,"London, England, United Kingdom",likely,Elden Harvey Burke,,not stated,2026-08-17,LinkedIn,https://www.linkedin.com/jobs/view/4354902546/
Customer Success Specialist,Rent a Recruiter,Greater Dublin,not_found,,,not stated,2026-08-17,LinkedIn,https://www.linkedin.com/jobs/view/4455317501/
Compliance Analyst,AXIS (AXIS Capital),Greater Dublin,likely,Capita Plc,,not stated,2026-08-17,LinkedIn,https://www.linkedin.com/jobs/view/4454430664/
"Customer Success Manager, Benelux",GreenSketch,Netherlands,likely,The Greens,,not stated,2026-08-17,LinkedIn,https://www.linkedin.com/jobs/view/4452213865/
Customer Success Manager Benelux,JP.cars,"The Randstad, Netherlands",likely,P Cars Ltd,,not stated,2026-08-16,LinkedIn,https://www.linkedin.com/jobs/view/4455180949/
Town Planning | Expression of Interest,Stantec,"London, England, United Kingdom",confirmed,Stantec UK Ltd,,not stated,2026-08-15,LinkedIn,https://www.linkedin.com/jobs/view/4198705010/
Adaptive Planning Consultant,Scrumconnect Consulting,"Staines-Upon-Thames, England, United Kingdom",likely,ONNEC Group UK Limited,,not stated,2026-08-15,LinkedIn,https://www.linkedin.com/jobs/view/4451750109/
"Customer Success Manager, Mid Market, EMEA",Harvey,"London, England, United Kingdom",likely,Elden Harvey Burke,,not stated,2026-08-15,LinkedIn,https://www.linkedin.com/jobs/view/4376739485/
Customer Success Manager - Scaled,Momentus Technologies,"Berlin, Germany",confirmed,Momentus Technologies Group Limited,,not stated,2026-08-15,LinkedIn,https://www.linkedin.com/jobs/view/4444397940/
Teamlead Customer Success (w/m/d),immowelt,"Berlin, Berlin, Germany",not_found,,,not stated,2026-08-15,LinkedIn,https://www.linkedin.com/jobs/view/4427932620/
Principal Planning Officer – Development Management,Local Government South East,"East Sussex, England, United Kingdom",likely,THE LOCAL,,not stated,2026-08-14,LinkedIn,https://www.linkedin.com/jobs/view/4453293544/
SPATIAL PLANNING OFFICER,Liverpool City Region Combined Authority,"Merseyside, England, United Kingdom",confirmed,Liverpool City Region Combined Authority,,not stated,2026-08-14,LinkedIn,https://www.linkedin.com/jobs/view/4454554216/
Customer Success Manager,ThoughtSpot,"London, England, United Kingdom",likely,ThoughtSpot EMEA Ltd,,not stated,2026-08-14,LinkedIn,https://www.linkedin.com/jobs/view/4444009670/
"Manager, Customer Success Management (EMEA)","Keeper Security, Inc.","Cork, County Cork, Ireland",not_found,,,not stated,2026-08-14,LinkedIn,https://www.linkedin.com/jobs/view/4451255251/
Customer Success Lead,Struck,"Amsterdam, North Holland, Netherlands",likely,INSTRUCKO LIMITED,,not stated,2026-08-14,LinkedIn,https://www.linkedin.com/jobs/view/4448726590/
Customer Success Specialist,Soluso,"Nijmegen, Gelderland, Netherlands",not_found,,,not stated,2026-08-14,LinkedIn,https://www.linkedin.com/jobs/view/4454519275/
Town Planner (Planning Consultancy),WSP in the UK & Ireland,"Birmingham, England, United Kingdom",not_found,,,not stated,2026-08-13,LinkedIn,https://www.linkedin.com/jobs/view/4407181741/
Town Planner,WSP in the UK & Ireland,"Manchester, England, United Kingdom",not_found,,,not stated,2026-08-13,LinkedIn,https://www.linkedin.com/jobs/view/4407194543/
Senior Town Planner,Rural Solutions,"Skipton, England, United Kingdom",not_found,,,not stated,2026-08-13,LinkedIn,https://www.linkedin.com/jobs/view/4411367564/
Graduate Customer Success - French Speaking,Blenheim Chalcot,"London, England, United Kingdom",likely,Blenheim Chalcot LTF Limited,,not stated,2026-08-13,LinkedIn,https://www.linkedin.com/jobs/view/4454098348/
Compliance Analyst,Anderson Global,"London Area, United Kingdom",likely,LOBA GROUP LIMITED,,not stated,2026-08-13,LinkedIn,https://www.linkedin.com/jobs/view/4452976688/
Customer Success Manager,ABR Talent l Customer Success Recruitment for Start-up & Scale-up SaaS businesses,"London Area, United Kingdom",not_found,,,not stated,2026-08-13,LinkedIn,https://www.linkedin.com/jobs/view/4452934324/
Compliance Analyst,CFC,"London, England, United Kingdom",not_found,,,not stated,2026-08-13,LinkedIn,https://www.linkedin.com/jobs/view/4453694725/
Senior Town Planner,WSP in the UK & Ireland,"London, England, United Kingdom",not_found,,,not stated,2026-08-13,LinkedIn,https://www.linkedin.com/jobs/view/4407186624/
Senior Town Planner – Ireland,Key Talent Solutions,"County Dublin, Ireland",not_found,,,not stated,2026-08-13,LinkedIn,https://www.linkedin.com/jobs/view/4454061455/
Solutions Consultant,Payslip,"Dublin, County Dublin, Ireland",likely,S & S INNOVATIVE LTD T/A Payslip Accountants,,not stated,2026-08-13,LinkedIn,https://www.linkedin.com/jobs/view/4443818593/
"Principal Customer Success Manager, Enterprise",Fin,"Dublin, County Dublin, Ireland",not_found,,,not stated,2026-08-13,LinkedIn,https://www.linkedin.com/jobs/view/4422771475/
Enterprise Customer Success Manager (German Speaking),Datadog,"Dublin, County Dublin, Ireland",likely,Data Inc UK Ltd,,not stated,2026-08-13,LinkedIn,https://www.linkedin.com/jobs/view/4435178148/
Junior Planner,Van den Bosch,"Erp, North Brabant, Netherlands",not_found,,,not stated,2026-08-13,LinkedIn,https://www.linkedin.com/jobs/view/4452953638/
Customer Success Manager,Meltwater,Amsterdam Area,confirmed,Meltwater (UK) Limited,,not stated,2026-08-13,LinkedIn,https://www.linkedin.com/jobs/view/4453282186/
"Customer Success Manager | Overheid, Mobiliteit & Data",StraTopo,"Maastricht, Limburg, Netherlands",not_found,,,not stated,2026-08-13,LinkedIn,https://www.linkedin.com/jobs/view/4453685699/
Customer Success Manager #2 (Y Combinator Startup; MUC),CoCrafter (YC W24),"Munich, Bavaria, Germany",not_found,,,not stated,2026-08-13,LinkedIn,https://www.linkedin.com/jobs/view/4450479637/
Planning Officer,Bath & North East Somerset Council,"Keynsham, England, United Kingdom",likely,Somerset Council,,not stated,2026-08-12,LinkedIn,https://www.linkedin.com/jobs/view/4453377577/
Compliance Analyst,Atrium,"London Area, United Kingdom",confirmed,Atrium Ltd,,not stated,2026-08-12,LinkedIn,https://www.linkedin.com/jobs/view/4450142635/
Town Planner/Senior Town Planner,Vivid Resourcing,"London Area, United Kingdom",not_found,,,not stated,2026-08-12,LinkedIn,https://www.linkedin.com/jobs/view/4453078272/
Customer Success Manager,Factory,"London, England, United Kingdom",likely,AA Dream Factory Ltd,,not stated,2026-08-12,LinkedIn,https://www.linkedin.com/jobs/view/4453086209/
Principal Designer Building Regulations Consultant,Tetra Tech Europe,"London, England, United Kingdom",likely,A-TEC LIMITED,,not stated,2026-08-12,LinkedIn,https://www.linkedin.com/jobs/view/4426575972/
Customer Success Associate,Novata,"Berlin, Berlin, Germany",confirmed,Novata UK Limited,,not stated,2026-08-12,LinkedIn,https://www.linkedin.com/jobs/view/4443733363/
Strategic Customer Success Manager,Bluebeam,United Kingdom,likely,Beam Inc Ltd,,not stated,2026-08-11,LinkedIn,https://www.linkedin.com/jobs/view/4452685791/
Customer Success Manager,Confero,"London Area, United Kingdom",not_found,,,not stated,2026-08-11,LinkedIn,https://www.linkedin.com/jobs/view/4452455720/
Town Planner,Tate Recruitment,"Hitchin, England, United Kingdom",not_found,,,not stated,2026-08-11,LinkedIn,https://www.linkedin.com/jobs/view/4451624946/
Compliance Analyst (m/w/d),Fisher Investments GmbH,"Frankfurt am Main, Hesse, Germany",not_found,,,not stated,2026-08-11,LinkedIn,https://www.linkedin.com/jobs/view/4437096574/
Senior/Principal Town Planner,AtkinsRéalis,"Leeds, England, United Kingdom",not_found,,,not stated,2026-08-10,LinkedIn,https://www.linkedin.com/jobs/view/4448169821/
Yardi IM Client Solutions Consultant (UK),33Floors,"London Area, United Kingdom",not_found,,,not stated,2026-08-10,LinkedIn,https://www.linkedin.com/jobs/view/4451198662/
Principal Planning Officer,Dacorum Borough Council,"Hemel Hempstead, England, United Kingdom",confirmed,Dacorum Borough Council,,not stated,2026-08-10,LinkedIn,https://www.linkedin.com/jobs/view/4449571643/
Enterprise Growth Strategist (Customer Success),Clay,"London Area, United Kingdom",likely,A McLay and Company Limited,,not stated,2026-08-10,LinkedIn,https://www.linkedin.com/jobs/view/4267979043/
SAP Plant Maintenance / Production Planning Analyst- CRH International,CRH,"Amsterdam, North Holland, Netherlands",confirmed,CRH Group Limited,,not stated,2026-08-10,LinkedIn,https://www.linkedin.com/jobs/view/4451554427/
Customer Success Manager,Cato Networks,"Amsterdam, North Holland, Netherlands",confirmed,Cato Networks (UK) Limited,,not stated,2026-08-10,LinkedIn,https://www.linkedin.com/jobs/view/4440136307/
"M&A Manager @ Proptech Roll-Up Venture, Berlin",Atlantic,"Berlin, Germany",likely,5 Atlantic Ltd t/as Fish bowl Brixton,,not stated,2026-08-10,LinkedIn,https://www.linkedin.com/jobs/view/4426414145/
"Senior Customer Success Manager, Bueno (Copeland brand)",Copeland,"London, England, United Kingdom",not_found,,,not stated,2026-08-09,LinkedIn,https://www.linkedin.com/jobs/view/4412010944/
Customer Success Associate,Aphex,"London, England, United Kingdom",not_found,,,not stated,2026-08-08,LinkedIn,https://www.linkedin.com/jobs/view/4414784864/
Associate Town Planner (Infrastructure Planning),WSP in the UK & Ireland,"London, England, United Kingdom",not_found,,,not stated,2026-08-08,LinkedIn,https://www.linkedin.com/jobs/view/4414581414/
"Compliance Analyst (MS), Communications Surveillance",ACA Group,"London, England, United Kingdom",not_found,,,not stated,2026-08-08,LinkedIn,https://www.linkedin.com/jobs/view/4430278669/
Lead Solutions Consultant (Future Opportunities),Docusign,"Dublin, County Dublin, Ireland",confirmed,DocuSign UK Limited,,not stated,2026-08-08,LinkedIn,https://www.linkedin.com/jobs/view/4441360872/
Customer Success Manager (B2B SaaS),SalesViewer®,"Bochum, North Rhine-Westphalia, Germany",not_found,,,not stated,2026-08-08,LinkedIn,https://www.linkedin.com/jobs/view/4451045742/
Assistant Planner,Quod,"Leeds, England, United Kingdom",confirmed,Quod Limited,,not stated,2026-08-07,LinkedIn,https://www.linkedin.com/jobs/view/4448724336/
"Solutions Consultant (London, Hybrid)",DualEntry,"London, England, United Kingdom",not_found,,,not stated,2026-08-07,LinkedIn,https://www.linkedin.com/jobs/view/4450766777/
Solutions Consultant,"Globality, Inc.","London, England, United Kingdom",confirmed,Globality UK Limited,,not stated,2026-08-07,LinkedIn,https://www.linkedin.com/jobs/view/4450014216/
"Manager, Customer Success (Cork, Ireland - Hybrid)",Quest Software,"Cork, County Cork, Ireland",not_found,,,not stated,2026-08-07,LinkedIn,https://www.linkedin.com/jobs/view/4450752337/
Senior IT Security & Compliance Analyst,Ford Credit,"Cologne, North Rhine-Westphalia, Germany",not_found,,,not stated,2026-08-07,LinkedIn,https://www.linkedin.com/jobs/view/4419543669/
Assistant Planner - South East England,GRAHAM Group,"East Sussex, England, United Kingdom",likely,Douglas and Grahame Ltd,,not stated,2026-08-06,LinkedIn,https://www.linkedin.com/jobs/view/4449731940/
Town Planner to Senior Town Planner,Cobalt Recruitment,"Manchester, England, United Kingdom",likely,COBA Holdings Limited,,not stated,2026-08-06,LinkedIn,https://www.linkedin.com/jobs/view/4448400825/
Customer Success Manager (m/w/d),ImmoScout24,"Berlin, Germany",not_found,,,not stated,2026-08-06,LinkedIn,https://www.linkedin.com/jobs/view/4444740712/
Planning Officer,Gloucestershire County Council,"Gloucestershire, England, United Kingdom",confirmed,Gloucestershire County Council,,not stated,2026-08-05,LinkedIn,https://www.linkedin.com/jobs/view/4448192318/
Senior Compliance Analyst,bet365,"Manchester, England, United Kingdom",not_found,,,not stated,2026-08-05,LinkedIn,https://www.linkedin.com/jobs/view/4449642739/
Data Migration Analyst - AI-Enabled PropTech,Urban Digital Recruitment Ltd,"London Area, United Kingdom",not_found,,,not stated,2026-08-05,LinkedIn,https://www.linkedin.com/jobs/view/4448002175/
Chartered Town Planner,Cobalt Recruitment,"London Area, United Kingdom",likely,COBA Holdings Limited,,not stated,2026-08-05,LinkedIn,https://www.linkedin.com/jobs/view/4447398351/
Senior Town Planner - London,Cobalt Recruitment,"London Area, United Kingdom",likely,COBA Holdings Limited,,not stated,2026-08-05,LinkedIn,https://www.linkedin.com/jobs/view/4448026709/
Solutions Consultant Facility Management | Tenders & Conceptontwikkeling | Draaijer Heyday,Cinfield,"'s-Hertogenbosch, North Brabant, Netherlands",not_found,,,not stated,2026-08-05,LinkedIn,https://www.linkedin.com/jobs/view/4449620052/
Senior Customer Success Manager:in (M/W/D),KNOWRON,"Munich, Bavaria, Germany",not_found,,,not stated,2026-08-05,LinkedIn,https://www.linkedin.com/jobs/view/4448962408/
Town Planner,Beach Baker,"Hampshire, England, United Kingdom",likely,Beach UK Limited,,not stated,2026-08-04,LinkedIn,https://www.linkedin.com/jobs/view/4446652796/
Town Planner/Senior Planner,Bidwells,"Perth, Scotland, United Kingdom",confirmed,Bidwells LLP,,not stated,2026-08-04,LinkedIn,https://www.linkedin.com/jobs/view/4449010120/
Senior Geospatial Analyst,"Department for Transport (DfT), United Kingdom","London, England, United Kingdom",likely,Department for Transport,,not stated,2026-08-04,LinkedIn,https://www.linkedin.com/jobs/view/4446624667/
Digital Customer Success Associate,Board Intelligence,"London, England, United Kingdom",confirmed,Board Intelligence Ltd,,not stated,2026-08-04,LinkedIn,https://www.linkedin.com/jobs/view/4456166508/
Senior Customer Success Manager,Perspix.ai GmbH,"Karlsruhe, Baden-Württemberg, Germany",not_found,,,not stated,2026-08-04,LinkedIn,https://www.linkedin.com/jobs/view/4448570650/
Solutions Consultant,Alderson James,"London Area, United Kingdom",not_found,,,not stated,2026-08-03,LinkedIn,https://www.linkedin.com/jobs/view/4448167402/
Customer Success Manager,Vusion,"Dublin, County Dublin, Ireland",likely,VusionGroup UK Ltd,,not stated,2026-08-03,LinkedIn,https://www.linkedin.com/jobs/view/4447985961/
Junior Customer Success Specialist - Benelux - Growing Impact Scale Up,Simvia,"Amsterdam, North Holland, Netherlands",not_found,,,not stated,2026-08-03,LinkedIn,https://www.linkedin.com/jobs/view/4449733733/
Customer Success Engineer (m/w/d) - B2B SaaS,epilot GmbH,Cologne Bonn Region,not_found,,,not stated,2026-08-03,LinkedIn,https://www.linkedin.com/jobs/view/4429858186/
Principal Solutions Consultant,Acrotrend - A NowVertical Company,"London, England, United Kingdom",likely,VERTIC,,not stated,2026-08-01,LinkedIn,https://www.linkedin.com/jobs/view/4459180481/
Town Planner/Senior Planner,Carter Jonas,"City Of Bristol, England, United Kingdom",likely,Carter Jonas Service Company,,not stated,2026-07-31,LinkedIn,https://www.linkedin.com/jobs/view/4445528405/
Compliance Analyst,fs talent,"Watford, England, United Kingdom",not_found,,,not stated,2026-07-31,LinkedIn,https://www.linkedin.com/jobs/view/4447135236/
Solutions Consultant,Draaijer Heyday,"Den Bosch, North Brabant, Netherlands",not_found,,,not stated,2026-07-31,LinkedIn,https://www.linkedin.com/jobs/view/4447142041/
Customer Success Manager (West Germany),GreenSketch,Germany,likely,The Greens,,not stated,2026-07-31,LinkedIn,https://www.linkedin.com/jobs/view/4445523564/
Senior Town Planner,PropSource Consulting,"Edinburgh, Scotland, United Kingdom",likely,OPSO LTD,,not stated,2026-07-30,LinkedIn,https://www.linkedin.com/jobs/view/4421818192/
Urban Designer,Rhythm Careers,"London Area, United Kingdom",likely,Care & Co Ltd,,not stated,2026-07-30,LinkedIn,https://www.linkedin.com/jobs/view/4445041115/
Senior Planning Officer (Policy),Spelthorne Borough Council,"Staines-Upon-Thames, England, United Kingdom",confirmed,Spelthorne Borough Council,,not stated,2026-07-30,LinkedIn,https://www.linkedin.com/jobs/view/4445043112/
Legal & Regulatory Analyst,Zuba,"London, England, United Kingdom",likely,Mr Muhammad Zubair t/a Day Today Govan Grocer,,not stated,2026-07-30,LinkedIn,https://www.linkedin.com/jobs/view/4447013356/
Customer Success Manager,Datarotonde,"Veenendaal, Utrecht, Netherlands",likely,Data Inc UK Ltd,,not stated,2026-07-30,LinkedIn,https://www.linkedin.com/jobs/view/4444565312/
Customer Success Manager | Onboarding and Experience (m/w/d),Superchat,"Berlin, Berlin, Germany",likely,Perch Group Limited,,not stated,2026-07-30,LinkedIn,https://www.linkedin.com/jobs/view/4444550339/
Junior Customer Success Manager | Associate (m/w/d),Superchat,"Berlin, Berlin, Germany",likely,Perch Group Limited,,not stated,2026-07-30,LinkedIn,https://www.linkedin.com/jobs/view/4444547374/
"Managing Scientist- Water Resources, Agricultural, or Nutrient Management (Ph.D.)",Exponent,"Pasadena, CA",likely,EPIIPLUS1 Ltd t/a Exponential View,"USD $136,000.00 - USD $166,000.00 /Yr",not stated,2026-08-27,LinkedIn,https://www.linkedin.com/jobs/view/4391892654/
"Environmental Chemist (Corvallis, OR)",ICF,"Salem, OR",not_found,,"$50,364.00 - $85,618.00",not stated,2026-08-27,LinkedIn,https://www.linkedin.com/jobs/view/4458665300/
ENVIRONMENTAL SCIENTIST 4,State of Nevada,"Carson City, Nevada, United States",not_found,,$73k–$110k/yr,not stated,2026-08-27T18:53:40.000Z,HiringCafe,https://www.governmentjobs.com/careers/nv/jobs/5463725
"Senior Manager, Regulatory Compliance Risk Assessment (US)",TD Bank Group,New York City or Charlotte,not_found,,$115k–$186k/yr,not stated,2026-08-27T00:00:00.000Z,HiringCafe,https://td.wd3.myworkdayjobs.com/td_bank_careers/job/New-York-New-York/Senior-Manager--Regulatory-Compliance-Risk-Assessment--US--5223_R_1506099
Environmental Specialist,Metropolitan Water District of Southern California,"La Verne, CA, US",not_found,,$65–$85/hr,not stated,2026-08-27,Indeed,https://www.indeed.com/viewjob?jk=91cd4b10e57e448d
Environmental Specialist,Tetra Tech,"Rancho Cordova, CA, US",confirmed,Tetra Tech Group Limited,$24–$25/hr,not stated,2026-08-27,Indeed,https://www.indeed.com/viewjob?jk=4c630c82c86aec01
ENVIRONMENTAL SCIENTIST,DEPARTMENT OF FISH AND WILDLIFE,"CA, US",likely,The Department UK Ltd,$4418–$9321/mo,not stated,2026-08-27,Indeed,https://www.indeed.com/viewjob?jk=2b91273f5ca9efcf
ENVIRONMENTAL SCIENTIST,California Department of Pesticide Regulation,"CA, US",likely,The Department UK Ltd,$4418–$9321/mo,not stated,2026-08-27,Indeed,https://www.indeed.com/viewjob?jk=9248a011750fbc69
SENIOR ENVIRONMENTAL SCIENTIST (SUPERVISORY),Department Of Food & Agriculture,"CA, US",likely,The Department UK Ltd,$11k–$13k/mo,not stated,2026-08-27,Indeed,https://www.indeed.com/viewjob?jk=b26823bdf433fdad
SENIOR ENVIRONMENTAL SCIENTIST (SPECIALIST),CA Coastal Commission,"CA, US",likely,The Mission Group plc,$4418–$11k/mo,not stated,2026-08-27,Indeed,https://www.indeed.com/viewjob?jk=1581d124f9881309
ENVIRONMENTAL SCIENTIST,DEPARTMENT OF WATER RESOURCES,"CA, US",likely,Resource Limited,$4418–$9321/mo,not stated,2026-08-27,Indeed,https://www.indeed.com/viewjob?jk=8df6f53750d438dd
ENVIRONMENTAL SCIENTIST,DEPARTMENT OF FISH AND WILDLIFE,"CA, US",likely,The Department UK Ltd,$4418–$9321/mo,not stated,2026-08-27,Indeed,https://www.indeed.com/viewjob?jk=67d7c970cd17da89
ENVIRONMENTAL SCIENTIST,Department Of Food & Agriculture,"CA, US",likely,The Department UK Ltd,$4418–$9321/mo,not stated,2026-08-27,Indeed,https://www.indeed.com/viewjob?jk=dd3fde8558fc782b
ENVIRONMENTAL SCIENTIST,Department Of Parks & Recreation,"CA, US",likely,The Department UK Ltd,$25–$53/hr,not stated,2026-08-27,Indeed,https://www.indeed.com/viewjob?jk=cddda295e9338b3b
ENVIRONMENTAL SCIENTIST,California Department of Pesticide Regulation,"CA, US",likely,The Department UK Ltd,$4418–$9321/mo,not stated,2026-08-27,Indeed,https://www.indeed.com/viewjob?jk=7d4933e70a5325c4
SENIOR ENVIRONMENTAL SCIENTIST (SUPERVISORY),CA Tahoe Conservancy,"CA, US",not_found,,$11k–$13k/mo,not stated,2026-08-27,Indeed,https://www.indeed.com/viewjob?jk=44fda2ca4fc00417
"Project Manager - Water Resources, Pipelines",BKF Engineers,"Healdsburg, CA",not_found,,"$120,000.00/yr - $190,000.00/yr",not stated,2026-08-28,LinkedIn,https://www.linkedin.com/jobs/view/4331767328/
Health Physicist- Licensing (Environmental Health Specialist 3),State of Oregon,"Salem, OR",not_found,,"$5,714.00/mo - $8,764.00/mo",not stated,2026-08-28,LinkedIn,https://www.linkedin.com/jobs/view/4460332229/
Principal Environmental Scientist - Assessment and Approvals,Onterris,"Brisbane, Queensland, Australia",not_found,,,not stated,2026-08-28,LinkedIn,https://www.linkedin.com/jobs/view/4432251784/
Senior Environmental Scientist,Onterris,Greater Melbourne Area,not_found,,,not stated,2026-08-28,LinkedIn,https://www.linkedin.com/jobs/view/4440689213/
Medical Device Toxicologist III,Boston Scientific,Arden Hills or Marlborough or Arden Hills,confirmed,Boston Scientific Limited,$78k–$149k/yr,not stated,2026-08-27T18:52:10.000Z,HiringCafe,https://bostonscientific.eightfold.ai/careers/job/563602813432406?domain=bostonscientific.com
Firmwide Compliance Risk Assessment - Vice President,JPMorgan Chase,Brooklyn or Jersey City or Plano,likely,"JPMorgan Chase Bank, National Association",$104k–$190k/yr,not stated,2026-08-24T15:37:56.000Z,HiringCafe,https://jpmc.fa.oraclecloud.com/hcmUI/CandidateExperience/en/sites/CX_1001/requisitions/job/210778408
Environmental Scientist,GHD,"Long Beach, CA",not_found,,,not stated,2026-08-21,GoogleJobs,https://www.linkedin.com/jobs/view/environmental-scientist-at-ghd-4437319038?utm_campaign=google_jobs_apply&utm_source=google_jobs_apply&utm_medium=organic
Environmental Health Specialist I/II/Senior,County of Lake,"Lake County, CA",likely,Count LTD,"$60,174.40 - $93,641.60 Annually",not stated,,NEOGOV,https://www.governmentjobs.com/jobs/5462563-0/environmental-health-specialist-i-ii-senior
Water Quality Plant Manager of Maintenance Operations,City of Palo Alto,"Palo Alto, CA",not_found,,"$118,643.20 - $177,944.00 Annually",not stated,,NEOGOV,https://www.governmentjobs.com/jobs/5425173-0/water-quality-plant-manager-of-maintenance-operations
Senior Environmental Specialist - Recycling,City Of Folsom,"Folsom, CA, US",not_found,,$81k–$103k/yr,not stated,2026-08-27,Indeed,https://www.indeed.com/viewjob?jk=d90195b344178f2b
Environmental Science Tutor,ARAcademics,"Newport Beach, CA, US",not_found,,$25–$35/hr,not stated,2026-08-27,Indeed,https://www.indeed.com/viewjob?jk=b355ede0935ff326
Client Account Manager - Air Quality focused,AECOM,"Orange, CA, US",confirmed,AECOM LIMITED,$160k–$215k/yr,not stated,2026-08-27,Indeed,https://www.indeed.com/viewjob?jk=a96a443cd960b055
Client Account Manager - Environmental Compliance focused,AECOM,"Orange, CA, US",confirmed,AECOM LIMITED,$160k–$215k/yr,not stated,2026-08-27,Indeed,https://www.indeed.com/viewjob?jk=e04a13a341ce3e7e
Scientist Ecotoxicology,NSW Government,"Lidcombe, NSW, AU",not_found,,,not stated,2026-08-26,Indeed,https://au.indeed.com/viewjob?jk=0804a26c7e75ddc3
Senior Project Manager/Environmental Scientist,GHD,"Irvine, CA",not_found,,"$85,000-$145,000",not stated,2026-08-27,LinkedIn,https://www.linkedin.com/jobs/view/4439974147/
Hazardous Materials Senior Consultant,WSP in Australia,"Brisbane, Queensland, Australia",not_found,,,not stated,2026-08-27,LinkedIn,https://www.linkedin.com/jobs/view/4413203761/
Environmental Specialist,FlatironDragados,"Los Angeles, CA, US",likely,Ondra LLP,$75k–$80k/yr,not stated,2026-08-26,Indeed,https://www.indeed.com/viewjob?jk=7f3ccfc8b0999316
"Scientist I (GCMS) - Eurofins Drinking Water and Wastewater West, LLC - Pomona, CA",Eurofins Environment Testing (USA),"Pomona, CA",likely,Test Incorporated Limited,$22.20/hr - $27.00/hr,not stated,2026-08-26,LinkedIn,https://www.linkedin.com/jobs/view/4459619197/
Environmental Data Specialist,Lawrence Livermore National Laboratory,"Livermore, CA",not_found,,"$95,820 - $117,312 Annually",not stated,2026-08-26,LinkedIn,https://www.linkedin.com/jobs/view/4459603440/
Technical Product Owner – Toxicology Systems,Johnson & Johnson Innovative Medicine,"San Diego, CA",likely,JOHNS&CO,"$94,000.00 - $151,800.00",not stated,2026-08-26,LinkedIn,https://www.linkedin.com/jobs/view/4459602476/
Environmental Scientist,Onterris,Nashville or Florida,not_found,,$75k–$90k/yr,not stated,2026-08-26T00:00:00.000Z,HiringCafe,https://onterris.wd1.myworkdayjobs.com/ont/job/USA-TN-Nashville/Environmental-Scientist_R8707
"Environmental Scientist, III",Paragon Professional Services,Anchorage or Alaska,likely,Arag PLC,,not stated,2026-08-26T16:51:31.152Z,HiringCafe,https://beringstraits.rec.pro.ukg.net/ber1502bsnc/JobBoard/ac286e4d-e260-46ff-8aa0-b5e4a2fdfebf/OpportunityDetail?opportunityId=0473d6ed-b7b7-472b-b1f3-874d92440027
Coordinator Risk Assessment (2026-2027),Jefferson County Public Schools,"Louisville, Kentucky, United States",likely,Count LTD,,not stated,2026-08-19T12:00:00.000Z,HiringCafe,https://www.applitrack.com/jefferson/onlineapp/jobpostings/view.asp?AppliTrackJobId=40725
"Vice President, Non-Financial Risk Assessment Program Transformation",BNY,"Pittsburgh, Pennsylvania, United States",not_found,,$69k–$132k/yr,not stated,2026-08-26T14:42:18.000Z,HiringCafe,https://eofe.fa.us2.oraclecloud.com/hcmUI/CandidateExperience/en/sites/BNY-Careers/requisitions/job/81037
"Senior Toxicologist, NIEHS Literature Review (Proposal)",Abt Global,"Durham, North Carolina, United States",likely,LOBA GROUP LIMITED,$110k–$176k/yr,not stated,2026-08-26T14:57:42.000Z,HiringCafe,https://egpy.fa.us2.oraclecloud.com/hcmUI/CandidateExperience/en/sites/JoinAbt/requisitions/job/107223
Mid-level Environmental Scientist,AECOM,"San Jose, CA, US",confirmed,AECOM LIMITED,$90k–$115k/yr,not stated,2026-08-26,Indeed,https://www.indeed.com/viewjob?jk=6316ec2540e5ca78
Water Pollution Control Facility Lead Operator,Hayward,East Bay,likely,Cass Hayward LLP,$67.30-$78.68 Hourly,not stated,,CalOpps,https://www.calopps.org/hayward/job-20768822
Environmental Health Specialist III,County of San Benito,"CA. 95023, CA",likely,Count LTD,"$94,952.00 - $125,632.00 Annually",not stated,,NEOGOV,https://www.governmentjobs.com/jobs/5444359-0/environmental-health-specialist-iii
Water Quality Chemist,City of Watsonville,"City of Watsonville, CA",not_found,,"$86,881.60 - $116,438.40 Annually",not stated,,NEOGOV,https://www.governmentjobs.com/jobs/5454844-0/water-quality-chemist
Water Quality Analyst,City of Corvallis,"City of Corvallis, OR",not_found,,$32.88 - $41.81 Hourly,not stated,,NEOGOV,https://www.governmentjobs.com/jobs/5455854-0/water-quality-analyst
Water Quality and Regulatory Manager,Santa Margarita Water District,"92688, CA",not_found,,,not stated,,NEOGOV,https://www.governmentjobs.com/jobs/5457810-0/water-quality-and-regulatory-manager
Water Resources Management Market Sector Lead,HDR,"Portland, OR",not_found,,,not stated,2026-08-26,LinkedIn,https://www.linkedin.com/jobs/view/4457969024/
Lead Security Risk Assessment Analyst,Lincoln Financial,Radnor or Charlotte or Fort Wayne or Greensboro or Syracuse,likely,ANCI GROUP LIMITED,$120k–$193k/yr,not stated,2026-08-25T00:00:00.000Z,HiringCafe,https://jobs.lincolnfinancial.com/job/Radnor-Lead-Security-Risk-Assessment-Analyst-PA/1423295300/
Environmental Scientist,Arcadis,Middletown or Florida,confirmed,Arcadis LLP,$65k–$97k/yr,not stated,2026-08-25T21:15:13.000Z,HiringCafe,https://ebcs.fa.em2.oraclecloud.com/hcmUI/CandidateExperience/en/sites/CX_1/requisitions/job/43485
"Scientist I (Metals), Eurofins Drinking Water and Wastewater West, Pomona, CA",Eurofins,"Pomona, CA, US",likely,Eurofins Agroscience Services Limited,$22–$25/hr,not stated,2026-08-26,Indeed,https://www.indeed.com/viewjob?jk=3370df18af82df54
AECOM Water Resources Opportunities - ANZ,AECOM,"Brisbane, Queensland, Australia",confirmed,AECOM LIMITED,,not stated,2026-08-26,LinkedIn,https://www.linkedin.com/jobs/view/4459093743/
AECOM Water Resources Opportunities - ANZ,AECOM,Gold Coast,confirmed,AECOM LIMITED,,not stated,2026-08-26,LinkedIn,https://www.linkedin.com/jobs/view/4459105165/
Environmental Health Safety Specialist,RedBrick Staffing,"San Diego, CA",likely,RICK LIMITED,,not stated,2026-08-25,LinkedIn,https://www.linkedin.com/jobs/view/4457658396/
"Alameda Creek Watershed Center Programs and Operations Manager (0922) – Natural Resources and Lands Management Division (Sunol, CA) – SFPUC (167137)",San Francisco Public Utilities Commission,"Sunol, CA",likely,ANCI GROUP LIMITED,,not stated,2026-08-25,LinkedIn,https://www.linkedin.com/jobs/view/4457632877/
"Alameda Creek Watershed Center Programs and Operations Manager (0922) – Natural Resources and Lands Management Division (Sunol, CA) – SFPUC (167137)",City and County of San Francisco,"San Francisco, CA",likely,ANCI GROUP LIMITED,,not stated,2026-08-25,LinkedIn,https://www.linkedin.com/jobs/view/4459041826/
Forensic Toxicologist,Oakgov,"Pontiac, Michigan, United States",not_found,,$86k–$115k/yr,not stated,2026-08-25T00:00:00.000Z,HiringCafe,https://oakgov.wd5.myworkdayjobs.com/careers/job/Pontiac-Michigan-United-States/Forensic-Toxicologist_JR-0000809
Environmental Scientist/Industrial Hygienist,Apex Companies,"Los Angeles, CA",not_found,,"$75,000 - $85,000 USD",not stated,2026-08-25,LinkedIn,https://www.linkedin.com/jobs/view/4457607871/
Toxicologist,CAMRIS International LLC,"Atlanta, Georgia, United States",likely,CO INTERNATIONAL LTD,$110k–$145k/yr,not stated,2026-08-25T00:00:00.000Z,HiringCafe,https://camris.isolvedhire.com/jobs/1850102
Environmental Health Scientist,CAMRIS International LLC,"Atlanta, Georgia, United States",likely,CO INTERNATIONAL LTD,$115k–$145k/yr,not stated,2026-08-25T00:00:00.000Z,HiringCafe,https://camris.isolvedhire.com/jobs/1850116
Environmental Health Safety Specialist,Zonberation Group,"San Jose, CA",likely,Onbe Ltd.,"$95,000.00/yr - $120,000.00/yr",not stated,2026-08-25,LinkedIn,https://www.linkedin.com/jobs/view/4458785910/
"Alameda Creek Watershed Center Programs and Operations Manager (0922) – Natural Resources and Lands Management Division (Sunol, CA) – SFPUC (167137)",City and County of San Francisco,"Sunol, CA",likely,ANCI GROUP LIMITED,,not stated,2026-08-25,LinkedIn,https://www.linkedin.com/jobs/view/4458789738/
"Assistant Professor - Arthropod Biodiversity - Department of Environmental Science, Policy, and Management",University of California Berkeley,"Berkeley, CA, US",likely,THE BERK LTD,$84k–$133k/yr,not stated,2026-08-24,Indeed,https://www.indeed.com/viewjob?jk=e15f9a9737acf143
Senior Environmental Scientist,BECA,"New Townsville City, QLD, AU",likely,VIRTUAL BECAUSE LTD,,not stated,2026-08-25,Indeed,https://au.indeed.com/viewjob?jk=e5dff79bfc54daa4
Environmental Analyst,Verex Engineering LLC,"San Francisco, CA",not_found,,,not stated,2026-08-25,LinkedIn,https://www.linkedin.com/jobs/view/4456922735/
Senior Environmental Scientist,Gather Recruitment,Greater Perth Area,not_found,,$120k - $140k,not stated,2026-08-25,LinkedIn,https://www.linkedin.com/jobs/view/4442960172/
Environmental Scientist,North Dakota Department of Agriculture,"Bismarck, North Dakota, United States",likely,The Department UK Ltd,$60k–$66k/yr,not stated,2026-08-24T22:23:08.344Z,HiringCafe,https://www.cnd.nd.gov/psc/recruit/EMPLOYEE/HRMS/c/HRS_HRAM_FL.HRS_CG_SEARCH_FL.GBL?Page=HRS_APP_JBPST_FL&Action=U&FOCUS=Applicant&JobOpeningId=3033600&PostingSeq=1&SiteId=11000
Environmental Scientist Lead ,Pond & Company,Tampa or Peachtree Corners or Jacksonville or Atlanta,not_found,,,not stated,2026-08-24T04:00:00.000Z,HiringCafe,https://jobs.dayforcehcm.com/en-US/pondco/candidateportal/jobs/1877
Environmental Scientist I,DDG,"Lafayette, Louisiana, United States",not_found,,,not stated,2026-08-24T22:23:07.418Z,HiringCafe,https://ddgpc.hua.hrsmart.com/hr/ats/Posting/view/50
Principal Scientist -  Toxicology & Translational Lead (Fully Remote),Lipovectra,"Portland, OR",likely,Vectra Limited,"$175,000.00/yr - $225,000.00/yr",not stated,2026-08-24,LinkedIn,https://www.linkedin.com/jobs/view/4456537590/
Vice President of Toxicology,Kelly,San Diego Metropolitan Area,likely,Ballykelly Consulting Ltd,"$300,000.00/yr - $350,000.00/yr",not stated,2026-08-24,LinkedIn,https://www.linkedin.com/jobs/view/4439466409/
"ENVIRONMENTAL SCIENCE, WILDFIRE SAFETY, POLICY & REGULATORY ANALYSIS — OFFICE OF ENERGY INFRASTRUCTURE SAFETY (SACRAMENTO, OAKLAND & LAKEWOOD, CA)",Women in Cleantech and Sustainability,"Lakewood, CA",likely,AnTech Ltd,,not stated,2026-08-24,LinkedIn,https://www.linkedin.com/jobs/view/4456521636/
Senior Bio/Toxicologist,Medtronic,"Utah, United States",confirmed,Medtronic Limited,$120k–$180k/yr,not stated,2026-08-24T00:00:00.000Z,HiringCafe,https://medtronic.wd1.myworkdayjobs.com/redeploymentmedtroniccareers/job/State-of-Utah-United-States-of-America/Senior-Bio-Toxicologist_R75423
Principal Environmental Scientist – Contaminated Land - Relocate to Darwin,AECOM,"Adelaide, South Australia, Australia",confirmed,AECOM LIMITED,,not stated,2026-08-24,LinkedIn,https://www.linkedin.com/jobs/view/4457180149/
Environmental Scientist,University of Massachusetts System,"Boston, Massachusetts, United States",likely,MASS (UK) LTD,,not stated,2026-08-24T13:00:00.000Z,HiringCafe,https://umasssystem.pageuppeople.com/job/530168
Senior Environmental Scientist,CDM Smith,"Melbourne, VIC, AU",not_found,,,not stated,2026-08-24,Indeed,https://au.indeed.com/viewjob?jk=ba3b60edb188068f
TCEQ - Toxicologist I,Texas Commission on Environmental Quality,"Austin, Texas, United States",likely,The Mission Group plc,$73k/yr,not stated,2026-08-24T06:38:06.613Z,HiringCafe,https://erphcmprd.cpa.texas.gov/psc/candidateportal/EMPLOYEE/HRMS/c/HRS_HRAM_FL.HRS_CG_SEARCH_FL.GBL?Page=HRS_APP_JBPST_FL&Action=U&FOCUS=Applicant&JobOpeningId=102979&PostingSeq=1&SiteId=1
Toxicology Study Coordinator,SciPro,"Carlsbad, CA",not_found,,,not stated,2026-08-24,LinkedIn,https://www.linkedin.com/jobs/view/4456886516/
Senior Toxicologist,Credit Bureau Of Vernon County,"Senior, South Australia, Australia",likely,Count LTD,,not stated,2026-08-24,LinkedIn,https://www.linkedin.com/jobs/view/4457117059/
Environmental Health Specialist IV,"County of Monterey, CA","Salinas, CA, US",likely,Count LTD,$8129–$11k/mo,not stated,2026-08-24,Indeed,https://www.indeed.com/viewjob?jk=b2f85482d692178a
Principal Environmental Scientist – Contaminated Land - Relocate to Darwin,AECOM,"Cairns, QLD, AU",confirmed,AECOM LIMITED,,not stated,2026-08-24,Indeed,https://au.indeed.com/viewjob?jk=8373cbfc80572113
Principal Environmental Scientist – Contaminated Land - Relocate to Darwin,AECOM,"New Townsville City, QLD, AU",confirmed,AECOM LIMITED,,not stated,2026-08-24,Indeed,https://au.indeed.com/viewjob?jk=7338254c3f35ed0d
Principal Environmental Scientist – Contaminated Land - Relocate to Darwin,AECOM,"Brisbane, QLD, AU",confirmed,AECOM LIMITED,,not stated,2026-08-24,Indeed,https://au.indeed.com/viewjob?jk=d0ee3d70d46d1671
Principal Environmental Scientist – Contaminated Land - Relocate to Darwin,AECOM,"SA, AU",confirmed,AECOM LIMITED,,not stated,2026-08-24,Indeed,https://au.indeed.com/viewjob?jk=1bfaf188dc4dad1e
Principal Environmental Scientist – Contaminated Land - Relocate to Darwin,AECOM,"Perth, WA, AU",confirmed,AECOM LIMITED,,not stated,2026-08-24,Indeed,https://au.indeed.com/viewjob?jk=a8e761537dc2972b
Principal Environmental Scientist – Contaminated Land - Relocate to Darwin,AECOM,"Sydney, NSW, AU",confirmed,AECOM LIMITED,,not stated,2026-08-24,Indeed,https://au.indeed.com/viewjob?jk=50f9f400d07aefd3
Principal Environmental Scientist – Contaminated Land - Relocate to Darwin,AECOM,"Melbourne, VIC, AU",confirmed,AECOM LIMITED,,not stated,2026-08-24,Indeed,https://au.indeed.com/viewjob?jk=0fa3dd34966d4da4
Principal Environmental Scientist – Contaminated Land,AECOM,"Darwin, NT, AU",confirmed,AECOM LIMITED,,not stated,2026-08-24,Indeed,https://au.indeed.com/viewjob?jk=44df17d85a2dd4d4
ENVIRONMENTAL SCIENTIST,STATE WATER RESOURCES CONTROL BOARD,"CA, US",likely,Ontro Ltd,$4418–$9321/mo,not stated,2026-08-22,Indeed,https://www.indeed.com/viewjob?jk=7879cd16bda6f420
ENVIRONMENTAL PROTECTION SPECIALIST,U.S. Marine Corps,"Twentynine Palms, California",not_found,,"Starting at $71,957 Per year (GS 9-11)",not stated,2026-08-21,USAJOBS,https://www.usajobs.gov/job/881433100
Environmental Specialist I/II,"City of Santa Rosa, CA","Santa Rosa, CA, US",not_found,,$95k–$129k/yr,not stated,2026-08-21,Indeed,https://www.indeed.com/viewjob?jk=f659bee18810603a
Tribal Environmental Protection Agency (EPA) Director,Colusa Indian Community Council,"Colusa, CA, US",likely,India Inc. Limited,,not stated,2026-08-21,Indeed,https://www.indeed.com/viewjob?jk=9de57fab54a1f0bf
WATER QUALITY ANALYST,"City of Burbank, CA","Burbank, CA, US",not_found,,$103k–$142k/yr,not stated,2026-08-21,Indeed,https://www.indeed.com/viewjob?jk=c009d501748a1b74
"Sr Manager Environmental Health, Safety & Compliance",Aramark,"Yosemite National Park, CA, US",confirmed,Aramark Ltd,$90k–$110k/yr,not stated,2026-08-21,Indeed,https://www.indeed.com/viewjob?jk=1f00f8dba6df4ad0
"Senior Director, Toxicology",Revolution Medicines,San Francisco Bay Area,likely,EVOLU GROUP LIMITED,"$244,000 - $305,000 USD",not stated,2026-08-22,LinkedIn,https://www.linkedin.com/jobs/view/4456605832/
Facilities Inventory & Risk Assessment Specialist,Aureon,West Des Moines or Iowa,not_found,,,not stated,2026-08-21T19:02:47.224Z,HiringCafe,https://recruiting2.ultipro.com/aur1004aurn/JobBoard/5581066a-62fb-4681-9f46-2482deb01adc/OpportunityDetail?opportunityId=3a20f7a8-0ad4-4731-8625-4671432f7a9c
Water Quality Environmental Health Supervisor - Health Department,Salt Lake County,"Murray, Utah, United States",likely,Count LTD,$79k–$118k/yr,not stated,2026-08-21T04:00:00.000Z,HiringCafe,https://careers-slco.icims.com/jobs/41346/water-quality-environmental-health-supervisor---health-department/job?in_iframe=1
Hazardous Materials & Environmental Evaluations,California Department of Water Resources,"Yolo County, CA",likely,Resource Limited,"$10,854.00/mo - $13,493.00/mo",not stated,2026-08-21,LinkedIn,https://www.linkedin.com/jobs/view/4457517803/
Environmental Scientist,California Department of Water Resources,"Tehama County, CA",likely,Resource Limited,"$7,820.00/mo - $10,732.00/mo",not stated,2026-08-21,LinkedIn,https://www.linkedin.com/jobs/view/4457506741/
Senior Environmental Scientist,NATIONAL GRID UK LIMITED,Syracuse or Albany or Buffalo,confirmed,National Grid plc,$95k–$111k/yr,not stated,2026-08-21T00:00:00.000Z,HiringCafe,https://jobs-ats.nationalgrid.com/job/Syracuse-Senior-Environmental-Scientist-NY-13202/1421873900/
Environmental Health Safety Coordinator,Cardinal CT,"Dixon, CA",not_found,,,not stated,2026-08-21,LinkedIn,https://www.linkedin.com/jobs/view/4456291324/
Scientific Associate Director - Project Toxicologist,Amgen,United States or Thousand Oaks,confirmed,Amgen Limited,$194k–$263k/yr,not stated,2026-08-20T00:00:00.000Z,HiringCafe,https://amgen.wd1.myworkdayjobs.com/careers/job/United-States---Remote/Scientific-Associate-Director---Project-Toxicologist_R-251972
Senior-level Human Health Risk Assessor/Toxicologist,GSI Environmental,California,not_found,,120K–150K a year,not stated,2026-08-21,GoogleJobs,https://bebee.com/us/jobs/senior-level-human-health-risk-assessor-toxicologist-gsi-environmental-ivine--ss-us-1v3q7lw?utm_campaign=google_jobs_apply&utm_source=google_jobs_apply&utm_medium=organic
Environmental Science Officer,United States Army,"Simi Valley, CA",likely,Unite,,not stated,2026-08-21,GoogleJobs,https://www.careersingovernment.com/job/2559263/environmental-science-officer/?utm_campaign=google_jobs_apply&utm_source=google_jobs_apply&utm_medium=organic
Nurse Practitioner Part Time Health Risk Assessments,"Northeast Healthcare Recruitment, Inc. (NEHCR)","Tigard, OR",likely,Care & Co Ltd,47K–58K a year,not stated,2026-08-21,GoogleJobs,https://www.learn4good.com/jobs/tigard/oregon/nursing/5376623180/e/?utm_campaign=google_jobs_apply&utm_source=google_jobs_apply&utm_medium=organic
Toxicologist,"Dane Street, LLC","Houston, Texas, United States",not_found,,,not stated,2026-08-21T16:21:15.897Z,HiringCafe,https://jobs.workable.com/view/jntjB3Behe7n2e6ZeXXobf/toxicologist-in-houston-at-dane-street%2C-llc
Environmental Scientist,AECOM,"Long Beach, CA, US",confirmed,AECOM LIMITED,$70k–$75k/yr,not stated,2026-08-21,Indeed,https://www.indeed.com/viewjob?jk=ff3f0664b49a4bc2
Environmental Scientist/Ecologist,HNTB,"Nashville, Tennessee, United States",not_found,,,not stated,2026-08-21T14:48:47.000Z,HiringCafe,https://hntb.jobs/nashville-tn/environmental-scientistecologist/C75813D8E93A4500A10EEA4E2FF9530A/job/
Brownfields Mid-Level Environmental Scientist,Toeroek Associates,"Sacramento, CA",likely,Asso Ltd,56K–80K a year,not stated,2026-08-21,GoogleJobs,https://us.trabajo.org/job-4023-eceb77569904050fbc537e3b1ce909ef?utm_campaign=google_jobs_apply&utm_source=google_jobs_apply&utm_medium=organic
Staff Air Pollution Specialist,California Air Resources Board,"Sacramento, CA",likely,AIR RESOURCES LIMITED,"$10,521.00/mo - $13,173.00/mo",not stated,2026-08-21,LinkedIn,https://www.linkedin.com/jobs/view/4457358663/
26-27 AY Temporary Faculty Pool (Lecturer) - Earth & Environmental Sciences,"California State University, Fresno","Fresno, CA",not_found,,,not stated,2026-08-21,LinkedIn,https://www.linkedin.com/jobs/view/4401838046/
"Safety, Health and Environmental Specialist",Nikkiso Clean Energy & Industrial Gases,"Escondido, CA",not_found,,,not stated,2026-08-21,LinkedIn,https://www.linkedin.com/jobs/view/4430477653/
Environmental Remediation Project Manager,Jacobs,"San Diego, CA",confirmed,Jacobs Holding LLP,"$128,200.00/yr - $193,930.00/yr",not stated,2026-08-21,LinkedIn,https://www.linkedin.com/jobs/view/4430184481/
Microplastics Research Scientist,Zintellect,"Athens, GA",likely,Intellect Ltd,,not stated,,GoogleJobs,https://www.zintellect.com/Opportunity/Details/EPA-NSSC-0007-57-10-20-21?utm_campaign=google_jobs_apply&utm_source=google_jobs_apply&utm_medium=organic
Strategic Growth Lead: PFAS​/CEC​/Microplastics Treatment,KUBOTA Membrane USA Corporation,"Cincinnati, OH",likely,Kubota (UK) Limited,,not stated,2026-07-30,GoogleJobs,https://www.learn4good.com/jobs/cincinnati/ohio/business/5321018376/e/?utm_campaign=google_jobs_apply&utm_source=google_jobs_apply&utm_medium=organic
Staff Environmental Scientist 1,Haley & Aldrich,"Huntington Beach, CA",not_found,,,not stated,2026-08-21,GoogleJobs,https://jobs.womenforhire.com/job/usa/huntington-beach-ca/staff-environmental-scientist-1-037735/?utm_campaign=google_jobs_apply&utm_source=google_jobs_apply&utm_medium=organic
Environmental Health Safety Specialist,PROPEL-TT Group Limited,"San Fernando, CA",likely,Propel Holdings Limited,,not stated,2026-08-21,LinkedIn,https://www.linkedin.com/jobs/view/4456450056/
Environmental Scientist,Dewberry,Daphne or United States,not_found,,,not stated,2026-08-20T04:00:00.000Z,HiringCafe,https://careers-dewberry.icims.com/jobs/16184/environmental-scientist/job?in_iframe=1
Environmental Compliance & Sustainability Lead,Seranbio,"Bend, OR",not_found,,,not stated,2026-08-16,GoogleJobs,https://bebee.com/us/jobs/environmental-compliance-sustainability-lead-seranbio-bend--pureheal-28528_25300_d27f7d6b792dfd4890af9b760893ef7b?utm_campaign=google_jobs_apply&utm_source=google_jobs_apply&utm_medium=organic
AIR POLLUTION SPECIALIST,State Air Resources Board,"CA, US",likely,AIR RESOURCES LIMITED,$5918–$11k/mo,not stated,2026-08-20,Indeed,https://www.indeed.com/viewjob?jk=4798a25b24421733
In-Home Nurse Practitioner — Flexible Part-Time Risk Assessments,Advantmed,"Ontario, CA",not_found,,"113,652–161,868 a year",not stated,2026-08-20,GoogleJobs,https://www.learn4good.com/jobs/ontario/california/healthcare/5373319133/e/?utm_campaign=google_jobs_apply&utm_source=google_jobs_apply&utm_medium=organic
Project Manager | Client Onboarding & Risk Assessment Uplift,PwC Australia,"Melbourne, Victoria, Australia",not_found,,,not stated,2026-08-20,LinkedIn,https://www.linkedin.com/jobs/view/4436899585/
Ecotoxicologist (PhD) — Data-Driven Environmental Scientist,Exponent Inc.,"Natick, MA",likely,EPIIPLUS1 Ltd t/a Exponential View,,not stated,2026-08-14,GoogleJobs,https://bebee.com/us/jobs/ecotoxicologist-phd-data-driven-environmental-scientist-exponent-inc-natick--pureheal-28528_25200_a60b762f91981c55a2b5b05785b70e39?utm_campaign=google_jobs_apply&utm_source=google_jobs_apply&utm_medium=organic
Lead Ecotoxicologist (PhD) — On-Site Natick,Exponent,"Natick, MA",likely,EPIIPLUS1 Ltd t/a Exponential View,,not stated,2026-08-14,GoogleJobs,https://bebee.com/us/jobs/lead-ecotoxicologist-phd-on-site-natick-exponent-natick--pureheal-28528_25300_159031e9159b2492e8c3042fd78a798b?utm_campaign=google_jobs_apply&utm_source=google_jobs_apply&utm_medium=organic
Ecotoxicology Expert,Tetra Tech,Maryland,confirmed,Tetra Tech Group Limited,,not stated,,GoogleJobs,https://bebee.com/us/jobs/ecotoxicology-expert-tetra-tech--techmap_us_tetratech_55556?utm_campaign=google_jobs_apply&utm_source=google_jobs_apply&utm_medium=organic
"Mid-to Senior-level Scientist, Ecological Risk Assessment and Ecotoxicology",Integral Consulting Inc.,United States,not_found,,65K–115K a year,not stated,2026-08-13,GoogleJobs,https://www.jobleads.com/us/job/mid-to-senior-level-scientist-ecological-risk-assessment-and-ecotoxicology--united-states--ea081a0dd2fd0b85fecca49770b2ae516?utm_campaign=google_jobs_apply&utm_source=google_jobs_apply&utm_medium=organic
Environmental Health Specialist,Alpine County California,"Markleeville, CA",likely,Alpi UK Ltd,,not stated,2026-08-20,GoogleJobs,https://www.linkedin.com/jobs/view/environmental-health-specialist-at-alpine-county-california-4456433908?utm_campaign=google_jobs_apply&utm_source=google_jobs_apply&utm_medium=organic
Principal Scientist -  Toxicology & Translational Lead,Lipovectra,Anywhere,likely,Vectra Limited,,not stated,2026-08-20,GoogleJobs,https://www.linkedin.com/jobs/view/principal-scientist-toxicology-translational-lead-at-lipovectra-4456396034?utm_campaign=google_jobs_apply&utm_source=google_jobs_apply&utm_medium=organic
Environmental Specialist,Mortenson,"Portland, OR",not_found,,,not stated,2026-08-20,GoogleJobs,https://www.mortenson.com/careers/hq-business-support/environmental-specialist-22859?utm_campaign=google_jobs_apply&utm_source=google_jobs_apply&utm_medium=organic
Environmental Science Specialist,MyRemoteTeam Inc,"California, United States",not_found,,,not stated,2026-08-20,LinkedIn,https://www.linkedin.com/jobs/view/4456464170/
Public Notice - Environmental Protection (Direct Hire),John C. Stennis Space Center,"Stennis Space Center, Mississippi",not_found,,"Starting at $74,678 Per year (GS 11-14)",not stated,2026-08-20,USAJOBS,https://www.usajobs.gov/job/881127000
Senior Hazardous Materials Consultant,Construction Sciences,"Newmarket, QLD, AU",likely,ION Science Ltd,,not stated,2026-08-20,Indeed,https://au.indeed.com/viewjob?jk=f0160beb2c43b774
Environmental Scientist/Contaminated Land (FIFO) - Northern Territory,Tetra Tech,"Darwin, Northern Territory, Australia",confirmed,Tetra Tech Group Limited,,not stated,2026-08-20,LinkedIn,https://www.linkedin.com/jobs/view/4456733260/
Toxicologist 2,State of Washington,Anywhere,not_found,,"80,496–108,228 a year",not stated,,GoogleJobs,https://www.governmentjobs.com/careers/washington/jobs/5362887/toxicologist-2?utm_campaign=google_jobs_apply&utm_source=google_jobs_apply&utm_medium=organic
Toxicologist,Enhesa,United States,not_found,,90K–115K a year,not stated,2026-08-14,GoogleJobs,https://www.indeed.com/viewjob?jk=360b67fbe25bad8f&utm_campaign=google_jobs_apply&utm_source=google_jobs_apply&utm_medium=organic
Sr. Principal Scientist - Project Toxicologist,Amgen,"Washington, DC",confirmed,Amgen Limited,,not stated,2026-08-13,GoogleJobs,https://careers.amgen.com/en/job/washington-d-c/sr-principal-scientist-project-toxicologist/87/93966677040?utm_campaign=google_jobs_apply&utm_source=google_jobs_apply&utm_medium=organic
Toxicologist 2,Washington State Department of Ecology,"Richland, WA",likely,The Department UK Ltd,,not stated,,GoogleJobs,https://www.linkedin.com/jobs/view/toxicologist-2-at-washington-state-department-of-ecology-4426554683?utm_campaign=google_jobs_apply&utm_source=google_jobs_apply&utm_medium=organic
ASSOCIATE TOXICOLOGIST,Department of Pesticide Regulation,United States,likely,The Department UK Ltd,"6,942–9,799 a month",not stated,2026-07-25,GoogleJobs,"https://www.glassdoor.com/job-listing/associate-toxicologist-california-department-of-pesticide-regulation-JV_KO0,22_KE23,68.htm?jl=1010209904714&utm_campaign=google_jobs_apply&utm_source=google_jobs_apply&utm_medium=organic"
Principal Toxicologist (Ph.D.),Exponent,"Bellevue, WA",likely,EPIIPLUS1 Ltd t/a Exponential View,,not stated,2026-08-12,GoogleJobs,https://bebee.com/us/jobs/principal-toxicologist-phd-exponent-bellevue--pureheal-28528_25300_ace5823e7971ff581a1a2dd15f3ff726?utm_campaign=google_jobs_apply&utm_source=google_jobs_apply&utm_medium=organic
Study Director - Toxicologist – Scientific Project Management,"121 Altasciences Preclinical Scranton, Inc",Anywhere,likely,NICA LTD,,not stated,2026-08-17,GoogleJobs,https://altasciences.wd1.myworkdayjobs.com/en-US/Careers/job/Study-Director--Associate-Scientist_R102724-1?utm_campaign=google_jobs_apply&utm_source=google_jobs_apply&utm_medium=organic
"Environmental Health Supervisor, Public Health",Deschutes County Human Resources,"Bend, OR",likely,Count LTD,"8,150.63–10,922.60 a month",not stated,"8,150.63–10,922.60 a month",GoogleJobs,https://www.governmentjobs.com/careers/deschutes/jobs/5349025/environmental-health-supervisor-public-health?utm_campaign=google_jobs_apply&utm_source=google_jobs_apply&utm_medium=organic
Sr. Environmental Analyst,PacifiCorp,Oregon,not_found,,"102,000–140,250 a year",not stated,2026-08-17,GoogleJobs,https://bebee.com/us/jobs/sr-environmental-analyst-pacificorp--ss-us-5nihp1?utm_campaign=google_jobs_apply&utm_source=google_jobs_apply&utm_medium=organic
Environmental Health Safety Specialist III,HireIQ Solutions,"Redmond, OR",not_found,,,not stated,,GoogleJobs,https://www.monster.com/job-openings/environmental-health-safety-specialist-iii-redmond-or--b63370c1-a117-4d8e-8920-0295e0825ecd?utm_campaign=google_jobs_apply&utm_source=google_jobs_apply&utm_medium=organic
Project Manager - Hazardous Materials,Aztech Services Australia,"Underwood, Queensland, Australia",likely,Vice UK Limited,,not stated,2026-08-20,LinkedIn,https://www.linkedin.com/jobs/view/4455476966/
Biocompatibility Regulatory Toxicologist,Synensys LLC,"Peachtree City, Georgia, United States",not_found,,,not stated,2026-08-20T00:13:53.000Z,HiringCafe,https://apply.appone.com/job/6a8646c1c453b3a3943aef30
Risk Assessor/Toxicologist Interdisciplinary (Environmental) - DIRECT HIRE AUTHORITY,AF Installation and Mission Support Center,Kelly Air Force Base or Lackland Air Force Base,likely,N-and Group LTD,$76k–$118k/yr,not stated,2026-08-19T12:00:00.000Z,HiringCafe,https://www.usajobs.gov/job/881345300
Environmental Specialist,Clark Pacific,"Woodland, CA",not_found,,,not stated,2026-08-19,LinkedIn,https://www.linkedin.com/jobs/view/4456401484/
Principal Scientist -  Toxicology & Translational Lead,Lipovectra,"Portland, Oregon Metropolitan Area",likely,Vectra Limited,"$175,000 – $225,000",not stated,2026-08-19,LinkedIn,https://www.linkedin.com/jobs/view/4456396034/
Staff Environmental Scientist 1,Haley & Aldrich,"Los Angeles, CA",not_found,,"$75,000 - $85,000 annually",not stated,2026-08-19,LinkedIn,https://www.linkedin.com/jobs/view/4456374547/
Environmental Science Specialist,MyRemoteTeam Inc,"California, United States",not_found,,,not stated,2026-08-19,LinkedIn,https://www.linkedin.com/jobs/view/4456150262/
Environmental Scientist,City of Austin,Austin or United States,not_found,,$62k–$78k/yr,not stated,2026-08-19T00:00:00.000Z,HiringCafe,https://austintexas.wd5.myworkdayjobs.com/coa_careers/job/5202/Environmental-Scientist_JR104845
2026-2027 Jr. Specialist - Environmental Science & Policy,UC Davis,"Lower Lake, CA, US",not_found,,$27–$29/hr,not stated,2026-08-01,Indeed,https://www.indeed.com/viewjob?jk=ec9d1b6124989826
Environmental Health Safety Specialist,"COPAN Diagnostics, Inc.","Murrieta, CA",likely,STICS Limited,,not stated,2026-08-19,LinkedIn,https://www.linkedin.com/jobs/view/4454041168/
ENVIRONMENTAL SCIENTIST I,State of Rhode Island,"Providence, Rhode Island, United States",likely,The Island,$73k–$82k/yr,not stated,2026-08-19T00:00:00.000Z,HiringCafe,https://ri.wd5.myworkdayjobs.com/ri/job/235-Promenade-St/ENVIRONMENTAL-SCIENTIST-I_JR103613
Senior Environmental Scientist,"Greenman-Pedersen, Inc.","Albany, New York, United States",not_found,,$75k–$95k/yr,not stated,2026-08-19T15:33:46.114Z,HiringCafe,https://secure4.saashr.com/ta/6162827.careers?ShowJob=1023711832
Environmental Scientist I,Pacific Commercial Services,"Kapolei, Hawaii, United States",likely,Commercial Ltd,$65k/yr,not stated,2026-08-19T00:00:00.000Z,HiringCafe,https://pcshi.bamboohr.com/careers/27
Principal Toxicologist (Ph.D.),Exponent,"Irvine, CA",likely,EPIIPLUS1 Ltd t/a Exponential View,"USD $200,000.00 - USD $300,000.00 /Yr",not stated,2026-08-19,LinkedIn,https://www.linkedin.com/jobs/view/4322119855/
Environmental Scientist/ Project Manager Fresno,Certerra,"Fresno, CA",not_found,,"$75,000.00/yr - $95,000.00/yr",not stated,2026-08-19,LinkedIn,https://www.linkedin.com/jobs/view/4444987047/
Staff Environmental Scientist 1,HALEY & ALDRICH,"Costa Mesa, CA, US",not_found,,$75k–$85k/yr,not stated,2026-08-19,Indeed,https://www.indeed.com/viewjob?jk=6647daed6cf6ca39
Air Quality Specialist,Pala Band of Mission Indians,"Pala, CA, US",likely,India Inc. Limited,,not stated,2026-08-18,Indeed,https://www.indeed.com/viewjob?jk=187dc59d839176f8
On-call Remediation Heavy Equipment Operator,GrayMar Environmental Services,"Fremont, CA, US",likely,RAYM LIMITED,,not stated,2026-08-18,Indeed,https://www.indeed.com/viewjob?jk=1c93ef4334540c61
On-call Remediation Heavy Equipment Operator,GrayMar Environmental Services,"Bakersfield, CA, US",likely,RAYM LIMITED,,not stated,2026-08-18,Indeed,https://www.indeed.com/viewjob?jk=924a5388987afe92
On-call Remediation Heavy Equipment Operator,GrayMar Environmental Services,"Sacramento, CA, US",likely,RAYM LIMITED,,not stated,2026-08-18,Indeed,https://www.indeed.com/viewjob?jk=422ade76e1782f1c
On-call Remediation Heavy Equipment Operator,GrayMar Environmental Services,"Fontana, CA, US",likely,RAYM LIMITED,,not stated,2026-08-18,Indeed,https://www.indeed.com/viewjob?jk=2c97857455434d2f
On-call Remediation Heavy Equipment Operator,GrayMar Environmental Services,"Troutdale, OR, US",likely,RAYM LIMITED,,not stated,2026-08-18,Indeed,https://www.indeed.com/viewjob?jk=b91d0ef8254a206e
Associate Director - Water Resources,AECOM,"Perth, WA, AU",confirmed,AECOM LIMITED,,not stated,2026-08-19,Indeed,https://au.indeed.com/viewjob?jk=ae4daf1dce57dc36
Principal Toxicologist (Ph.D.),Exponent,"Oakland, CA",likely,EPIIPLUS1 Ltd t/a Exponential View,"USD $200,000.00 - USD $300,000.00 /Yr",not stated,2026-08-19,LinkedIn,https://www.linkedin.com/jobs/view/4322069915/
Environmental Compliance Inspector,Quanta Infrastructure Solutions Group,"Multnomah County, OR",likely,Quant Group Ltd,,not stated,2026-08-19,LinkedIn,https://www.linkedin.com/jobs/view/4456328977/
Environmental Specialist,Amentum,"Alice Springs, Northern Territory, Australia",confirmed,AMENTUM (UK) LTD,,not stated,2026-08-19,LinkedIn,https://www.linkedin.com/jobs/view/4456324530/
Toxicologist II,Inotivco,"Gaithersburg, Maryland, United States",not_found,,$80k–$106k/yr,not stated,2026-08-18T00:00:00.000Z,HiringCafe,https://inotivco.wd5.myworkdayjobs.com/ext/job/Gaithersburg-MD/Toxicologist-II_JR101715
Environmental Scientist II,HDR,"Fort Worth, Texas, United States",not_found,,,not stated,2026-08-18T17:01:17.704Z,HiringCafe,https://hdr.referrals.selectminds.com/jobs/environmental-scientist-ii-45209
Environmental Specialist,CDMS,"Long Beach, CA",not_found,,,not stated,2026-08-18,LinkedIn,https://www.linkedin.com/jobs/view/4454906952/
Environmental Toxicologist – Senior Level (Hybrid),Barr,Seattle or Denver,likely,16 Barrack Ltd TA Saffron Indian Restaurant & Pizza Place,$95k–$115k/yr,not stated,2026-08-18T00:00:00.000Z,HiringCafe,https://barr.wd1.myworkdayjobs.com/barrcareers/job/Seattle-WA/Senior-Environmental-Toxicologist_R-102262
Principle Scientist - Regulatory Toxicology,Bayer,"Chesterfield, Missouri, United States",confirmed,Bayer plc,$115k–$170k/yr,not stated,2026-08-18T16:28:47.000Z,HiringCafe,https://talent.bayer.com/careers/job/562949978354135
"Senior Director/Vice President, Oligo Toxicology",GondolaBio,San Francisco Bay Area,not_found,,"$275,000.00/yr - $350,000.00/yr",not stated,2026-08-18,LinkedIn,https://www.linkedin.com/jobs/view/4454799779/
Associate Director Toxicology,SciPro,"San Diego, CA",not_found,,,not stated,2026-08-18,LinkedIn,https://www.linkedin.com/jobs/view/4454792735/
Environmental Scientist,"Barton & Loguidice, D.P.C.","Albany, New York, United States",not_found,,$54k–$62k/yr,not stated,2026-08-18T16:58:51.409Z,HiringCafe,https://secure7.saashr.com/ta/6206147.careers?ShowJob=621251691
AIR POLLUTION SPECIALIST,State Air Resources Board,"CA, US",likely,AIR RESOURCES LIMITED,$5918–$11k/mo,not stated,2026-08-18,Indeed,https://www.indeed.com/viewjob?jk=1a6ffd2e6531d4c6
Senior Exposure Scientist,"ONYX Exposure Science, LLC","Houston, TX",likely,Science (UK) Limited,,not stated,2026-08-11,LinkedIn,https://www.linkedin.com/jobs/view/4451937600/
Lead Scientist – Toxicological risk assessment,格兰达公司,"Shenzhen, Guangdong, China",unknown,,,not stated,2026-08-09,LinkedIn,https://www.linkedin.com/jobs/view/4449287199/
Principal Scientist - Safety Surveillance and Risk Assessment,Altria,United States,likely,Altria Ventures UK Ltd,"$132,500.00/yr - $202,100.00/yr",not stated,2026-08-07,LinkedIn,https://www.linkedin.com/jobs/view/4450339529/
Lead Risk Assessment Research Scientist,UL Research Institutes,"Morrisville, NC",likely,UK Search Limited,"$119,260.28-$163,982.88",not stated,2026-08-01,LinkedIn,https://www.linkedin.com/jobs/view/4420477784/
Environmental Fate Specialist / Regulatory Ecotoxicologist,Sasol,"Marl, North Rhine-Westphalia, Germany",confirmed,Sasol UK Limited,,not stated,2026-08-01,LinkedIn,https://www.linkedin.com/jobs/view/4420981132/
Toxicology Expert,dsm-firmenich,"Kaiseraugst, Aargau, Switzerland",likely,Firmenich UK Ltd,,not stated,2026-07-29,LinkedIn,https://www.linkedin.com/jobs/view/4444106696/
Toxicology - Technical Expert,Syngenta,"Bracknell, England, United Kingdom",confirmed,Syngenta Limited,,not stated,2026-07-17,LinkedIn,https://www.linkedin.com/jobs/view/4438616936/
"Toxicology Specialist-2, Environmental Health",State of Michigan,"Lansing, MI",not_found,,,not stated,2026-07-07,LinkedIn,https://www.linkedin.com/jobs/view/4434563998/
Risk Assessment Discipline Lead,AECOM,"Burnaby, British Columbia, Canada",confirmed,AECOM LIMITED,$130000 to $170000,not stated,2026-05-29,LinkedIn,https://www.linkedin.com/jobs/view/4418200971/
Scientist I - Inhalation Toxicologist Research Scientist,Leidos,"Dayton, OH",likely,Kaleidoscope Group Ltd,"$69,550.00 - $125,725.00",not stated,2026-04-24,LinkedIn,https://www.linkedin.com/jobs/view/4403720417/
Sr. Regulatory Toxicologist,The Scotts Miracle-Gro Company,"Marysville, OH",likely,S&MI Ltd,"$87,600.00 - $103,100.00 per year",not stated,2026-03-21,LinkedIn,https://www.linkedin.com/jobs/view/4385748217/
Environmental Scientist I,"TRC Companies, Inc.","Chicago, Illinois, United States",confirmed,TRC Companies Limited,$52k–$75k/yr,not stated,2026-08-17T15:04:32.000Z,HiringCafe,https://careers.trccompanies.com/jobs/26597?lang=en-us
Environmental Scientist IV,Ddcdine,"Greenbelt, Maryland, United States",not_found,,$90k–$105k/yr,not stated,2026-07-31T00:00:00.000Z,HiringCafe,https://ddcdine.wd501.myworkdayjobs.com/ddc_careers/job/NASA-Goddard/Environmental-Scientist-IV_JR100270
Enforcement Air Pollution Specialist,California Air Resources Board,"Sacramento, CA",likely,AIR RESOURCES LIMITED,"$5,918.00/mo - $11,455.00/mo",not stated,2026-08-18,LinkedIn,https://www.linkedin.com/jobs/view/4455775354/
Environmental Protection Specialist,U.S. Coast Guard,"Boston, Massachusetts",not_found,,"Starting at $69,905 Per year (GS 9)",not stated,2026-08-18,USAJOBS,https://www.usajobs.gov/job/880971300
Environmental Scientist,Tetra Tech,Germantown or Frederick County or Carroll County or Baltimore County or United States,confirmed,Tetra Tech Group Limited,,not stated,2026-08-17T22:11:25.508Z,HiringCafe,https://tetratech.referrals.selectminds.com/jobs/environmental-scientist-56244
Environmental Science Expert (Masters/PhDs),Alignerr,Australia,not_found,,$75.00/hr - $90.00/hr,not stated,2026-08-18,LinkedIn,https://www.linkedin.com/jobs/view/4455555147/
Senior Environmental Scientist (Specialist),Office of Energy Infrastructure Safety,"Sacramento, CA",likely,Office Holdings Limited,,not stated,2026-08-17,LinkedIn,https://www.linkedin.com/jobs/view/4454452139/
Senior Environmental Compliance Project Manager,Dudek,"California, United States",not_found,,"$110,000.00/yr - $150,000.00/yr",not stated,2026-08-17,LinkedIn,https://www.linkedin.com/jobs/view/4454419813/
Environmental Scientist II,Kentucky Energy & Environment Cabinet,"Frankfort, Kentucky, United States",likely,The Cabin (UK) Ltd,$47k–$65k/yr,not stated,2026-08-17T00:00:00.000Z,HiringCafe,https://kypersonnelcabinet.csod.com/ux/ats/careersite/49/home/requisition/80554?c=kypersonnelcabinet
Principal Remediation Practice Lead,UES,"Mission Viejo, CA",not_found,,"USD $175,000.00 - USD $250,000.00 /Yr",not stated,2026-08-17,LinkedIn,https://www.linkedin.com/jobs/view/4455362665/
Principal Remediation Practice Lead,UES,"Long Beach, CA",not_found,,"USD $175,000.00 - USD $250,000.00 /Yr",not stated,2026-08-17,LinkedIn,https://www.linkedin.com/jobs/view/4455359653/
"Analyst II, QC Environmental Monitoring,",Baxter International Inc.,"Hayward, CA",likely,CO INTERNATIONAL LTD,"$88,000 - $121,000 annually",not stated,2026-08-17,LinkedIn,https://www.linkedin.com/jobs/view/4455207814/
Environmental Scientist,APTIM,"Winter Garden, Florida, United States",likely,Adaptimmune Limited,$68k–$73k/yr,not stated,2026-08-12T20:05:32.050Z,HiringCafe,https://myjobs.adp.com/aptim-professional-careers/cx/job-details?reqId=5001218229506
Environmental Scientist 1,South Dakota State Government,"Pierre, South Dakota, United States",not_found,,$56k–$63k/yr,not stated,2026-08-15T16:21:14.000Z,HiringCafe,https://statesdgovt.hireclick.com/jb/environmental-scientist-1/view/259533
"Expert Opportunity - Biologist / Environmental Scientist ($90/hr, up to $1,800/week)",Ethos,Australia,likely,Aethos U.K. Limited,,not stated,2026-08-15,LinkedIn,https://www.linkedin.com/jobs/view/4455133617/
"Expert Opportunity - Senior Environmental Scientist ($90/hr, up to $1,800/week)",Ethos,Australia,likely,Aethos U.K. Limited,,not stated,2026-08-15,LinkedIn,https://www.linkedin.com/jobs/view/4455155365/
"Expert Opportunity - Environmental Compliance Specialist ($90/hr, up to $1,800/week)",Ethos,Australia,likely,Aethos U.K. Limited,,not stated,2026-08-15,LinkedIn,https://www.linkedin.com/jobs/view/4455154516/
ENVIRONMENTAL SCIENTIST IV,State of Rhode Island,"Providence, Rhode Island, United States",likely,The Island,,not stated,2026-08-15T00:00:00.000Z,HiringCafe,https://ri.wd5.myworkdayjobs.com/ri/job/Cannon-Building/ENVIRONMENTAL-SCIENTIST-IV_JR103657
Early Career Environmental Scientist,WSP,"Vancouver, WA, US",confirmed,WSP Group Limited,$55k–$83k/yr,not stated,2026-08-14,Indeed,https://www.indeed.com/viewjob?jk=a1852a89fa3029f5
Security Officer Full Time Unarmed Patrol Risk Assessment,Allied Universal,"Los Angeles, CA, US",not_found,,,not stated,2026-08-14,Indeed,https://www.indeed.com/viewjob?jk=cde3aed90fc12f96
"Sr. Scientist II - Toxicology - Onsite in Aliso Viejo, CA",Glaukos Corporation,"Aliso Viejo, CA",not_found,,$118k–$148k/yr,not stated,2026-08-15,LinkedIn,https://www.linkedin.com/jobs/view/4451273566/
Environmental Scientist 1,State of South Dakota,"Pierre, South Dakota, United States",not_found,,$56k–$63k/yr,not stated,2026-08-14T00:00:00.000Z,HiringCafe,"https://css-stateofsouthdako-prd.inforcloudsuite.com/hcm/Jobs/navigation/JobPosting%5BJobPostingSet%5D(1,37044,1).JobPostingDisplayNav?csk.HROrganization=1&csk.JobBoard=EXTERNAL"
Senior Environmental Scientist,"Johnson, Mirmiran & Thompson, Inc.",Jacksonville or South Carolina or Georgia or Alabama or Florida or North America,likely,JOHNS&CO,,not stated,2026-08-12T19:19:39.203Z,HiringCafe,https://jobs.silkroad.com/JMT/JMTCareers/jobs/15400?embedded=true
Mid-Level Radiation Health Physicist - Environmental Remediation,Jacobs,"San Francisco, CA",confirmed,Jacobs Holding LLP,"$85,000.00/yr - $127,000.00/yr",not stated,2026-08-14,LinkedIn,https://www.linkedin.com/jobs/view/4454821290/
Mid-Level Radiation Health Physicist - Environmental Remediation,Jacobs,"Redding, CA",confirmed,Jacobs Holding LLP,"$85,000.00/yr - $127,000.00/yr",not stated,2026-08-14,LinkedIn,https://www.linkedin.com/jobs/view/4454817296/
SENIOR ENVIRONMENTAL SCIENTIST (SPECIALIST) JC-528730,California Department of Public Health,"Sacramento County, CA",likely,The Department UK Ltd,"$7,820.00/mo - $10,732.00/mo",not stated,2026-08-14,LinkedIn,https://www.linkedin.com/jobs/view/4453745250/
Mid-Level Radiation Health Physicist - Environmental Remediation,Jacobs,"San Diego, CA",confirmed,Jacobs Holding LLP,"$85,000.00/yr - $127,000.00/yr",not stated,2026-08-14,LinkedIn,https://www.linkedin.com/jobs/view/4454827191/
Staff Environmental Scientist,Langan Engineering & Environmental Services,"Parsippany, New Jersey, United States",likely,Vice UK Limited,$68k–$93k/yr,not stated,2026-08-14T18:58:27.000Z,HiringCafe,https://job-boards.greenhouse.io/langanengineeringandenvironmentalservicesllc/jobs/4369665009
Environmental Scientist,Tetra Tech,"Portland, OR",confirmed,Tetra Tech Group Limited,,not stated,2026-08-14,LinkedIn,https://www.linkedin.com/jobs/view/4448194720/
Environmental Scientist,Kimley-Horn,"Jupiter, Florida, United States",not_found,,,not stated,2026-08-14T04:00:00.000Z,HiringCafe,https://careers-kimley-horn.icims.com/jobs/25827/environmental-scientist/job?in_iframe=1
Early Career Environmental Scientist,WSP in the U.S.,"Vancouver, WA",not_found,,"$55,200 - $82,800",not stated,2026-08-14,LinkedIn,https://www.linkedin.com/jobs/view/4453728591/
"Board-Certified Toxicologist Independent Medical Exam IME Doctor (M.D.,","Dane Street, LLC","Memphis, Tennessee, United States",not_found,,,not stated,2026-08-14T13:12:39.760Z,HiringCafe,https://jobs.workable.com/view/3X7e6r4TBXjYdG7kmz9smk/board-certified-toxicologist-independent-medical-exam-ime-doctor-(m.d.%2C-in-memphis-at-dane-street%2C-llc
Senior Staff Environmental Risk Assessor or Toxicologist,"Geosyntec Consultants, Inc.","Raleigh, North Carolina, United States",confirmed,Geosyntec Consultants Ltd,,not stated,2026-08-13T16:33:00.000Z,HiringCafe,https://careers-geosyntec.icims.com/jobs/4767/job?utm_source=hiringcafe_integration&iis=Job%20Board&iisn=HiringCafe
"Risk, Risk Assessment Execution Team, Vice President, Dallas",Goldman Sachs,"Dallas, Texas, United States",likely,Goldman Sachs (UK) SVC. Limited,,not stated,2026-08-13T21:13:59.481Z,HiringCafe,https://higher.gs.com/roles/136206
Licensed Environmental Health Scientist in Training,Weber County Careers,"Ogden, Utah, United States",likely,Care & Co Ltd,$54k–$72k/yr,not stated,2026-08-13T14:02:39.000Z,HiringCafe,https://fa-etrb-saasfaprod1.fa.ocs.oraclecloud.com/hcmUI/CandidateExperience/en/sites/weber-county-careers/requisitions/job/934
Environmental Scientist Journeyman,Cherokee Federal,"Warner Robins, Georgia, United States",not_found,,,not stated,2026-08-03T16:44:49.000Z,HiringCafe,https://ibtcjb.fa.ocs.oraclecloud.com/hcmUI/CandidateExperience/en/sites/careers/requisitions/job/43238
Entry Level Environmental Scientist,Dewberry,"Orlando, Florida, United States",not_found,,,not stated,2026-08-13T04:00:00.000Z,HiringCafe,https://careers-dewberry.icims.com/jobs/16142/entry-level-environmental-scientist/job?in_iframe=1
Life Moments Remediation Lead - 6 months fixed term contract,ING,"Sydney, NSW, AU",not_found,,,not stated,2026-08-14,Indeed,https://au.indeed.com/viewjob?jk=4539242d7bb1c555
Environmental Protection Specialist,Bureau of Engraving and Printing,"Fort Worth, Texas",likely,RAVI LIMITED,"Starting at $115,711 Per year (GS 13)",not stated,2026-08-14,USAJOBS,https://www.usajobs.gov/job/880524700
Environmental Risk Assessor,SLR Consulting,"Ottawa, Ontario, Canada",confirmed,SLR Consulting Limited,"$75,000 – $115,000",not stated,2026-08-09,LinkedIn,https://www.linkedin.com/jobs/view/4404453346/
ENVIRONMENTAL SCIENTIST,California Department of Toxic Substances Control,"Glendale, CA",likely,Ontro Ltd,"$4,418.00/mo - $9,321.00/mo",not stated,2026-07-30,LinkedIn,https://www.linkedin.com/jobs/view/4446936419/
Environmental Risk Assessor,Tetra Tech,"Cincinnati, OH",confirmed,Tetra Tech Group Limited,"$90,000 - $120,000,",not stated,2026-07-15,LinkedIn,https://www.linkedin.com/jobs/view/4437458711/
Environmental Toxicologist (Biochemist),Battelle,"West Jefferson, OH",confirmed,Battelle UK limited,,not stated,2026-07-08,LinkedIn,https://www.linkedin.com/jobs/view/4433395453/
Environmental Risk Assessor,AECOM,"Burnaby, British Columbia, Canada",confirmed,AECOM LIMITED,$72000 to $100000,not stated,2026-05-19,LinkedIn,https://www.linkedin.com/jobs/view/4415114476/
Ecological Risk Assessor - 6 years minimum experience,AECOM,"Honolulu, HI",confirmed,AECOM LIMITED,$80000 to $100000,not stated,2026-04-21,LinkedIn,https://www.linkedin.com/jobs/view/4402183629/
Environmental Scientist II,Calista Brice,Anchorage or Grand Junction or Fairbanks or Salt Lake City,not_found,,$60k–$80k/yr,not stated,2026-08-13T00:00:00.000Z,HiringCafe,https://calistacorp.wd1.myworkdayjobs.com/calistabrice/job/Anchorage-AK/Environmental-Scientist-II_JR109609
FIFO Environmental Specialist,Airswift,"Barrow Island, Western Australia, Australia",likely,Swift Group Limited,,not stated,2026-08-14,LinkedIn,https://www.linkedin.com/jobs/view/4454364207/
Environmental Health Team Leader,City of Port Adelaide Enfield,"Port Adelaide, South Australia, Australia",not_found,,,not stated,2026-08-14,LinkedIn,https://www.linkedin.com/jobs/view/4453504357/
Toxicologist,Enhesa,United States,not_found,,$90k–$115k/yr,not stated,2026-08-13T16:55:41.000Z,HiringCafe,https://job-boards.greenhouse.io/enhesa/jobs/4368998009
Environmental Scientist,Bechtel,United States,confirmed,Bechtel Limited,$91k–$139k/yr,not stated,2026-08-12T07:00:00.000Z,HiringCafe,https://bechtel.jobs.hr.cloud.sap/job/Environmental-Scientist/1384326000/
Environmental Health Safety Specialist,LHH,"Portland, Oregon Metropolitan Area",not_found,,$40.00/hr - $41.00/hr,not stated,2026-08-13,LinkedIn,https://www.linkedin.com/jobs/view/4453280594/
Environmental Specialist/Wetland Scientist,Environmental Science and Assessment,"Portland, OR, US",likely,Science (UK) Limited,,not stated,2026-08-13,Indeed,https://www.indeed.com/viewjob?jk=66c78f5c2b8eea8a
SENIOR ENVIRONMENTAL SCIENTIST (SPECIALIST),Caltrans,"San Luis Obispo County, CA",not_found,,"$7,820.00/mo - $10,732.00/mo",not stated,2026-08-13,LinkedIn,https://www.linkedin.com/jobs/view/4454312563/
AIR POLLUTION SPECIALIST,California Air Resources Board,"California, United States",likely,AIR RESOURCES LIMITED,"$5,918.00/mo - $11,455.00/mo",not stated,2026-08-13,LinkedIn,https://www.linkedin.com/jobs/view/4454326473/
Security Officer Armed Patrol Risk Assessment,Allied Universal,"San Francisco, CA, US",not_found,,,not stated,2026-08-13,Indeed,https://www.indeed.com/viewjob?jk=0715939ceb1f08d9
Environmental Specialist,Recology,"California, United States",not_found,,,not stated,2026-08-13,LinkedIn,https://www.linkedin.com/jobs/view/4454308516/
Environmental Health Officer,Jobs in Council,"Windsor, New South Wales, Australia",not_found,,$92K - $110K per annum,not stated,2026-08-13,LinkedIn,https://www.linkedin.com/jobs/view/4450833379/
Environmental Scientist,The Davey Tree Expert Company,"Louisville, Kentucky, United States",likely,Y TREE Limited,,not stated,2026-08-13T16:44:12.483Z,HiringCafe,https://jobs.davey.com/job/Louisville-Environmental-Scientist-KY-40205/1393935600/
Schedule Risk Assessment (SRA) Analyst – Master Scheduler,"Tecolote Research, Inc.","San Diego, California, United States",likely,UK Search Limited,$80k–$120k/yr,not stated,2026-08-04T19:06:08.151Z,HiringCafe,https://www.tecolote.com/careers/job/20df0e86-b111-47b8-bffa-7993e34cdb70
Environmental Scientist 1,Atlas Technical Consultants,"Bellingham, Washington, United States",likely,Atlas Technica UK Ltd,$62k–$75k/yr,not stated,2026-08-10T03:00:00.000Z,HiringCafe,https://celabs.hrmdirect.com/employment/job-opening.php?req=3784004&req_loc=1430649
Environmental Scientist I,Wsc,"Des Moines, Iowa, United States",not_found,,,not stated,2026-08-12T00:00:00.000Z,HiringCafe,https://wsc.wd1.myworkdayjobs.com/eoc/job/Des-Moines-Iowa/Environmental-Scientist-I_JR124464
Sr. Hazardous Waste Specialist,Apex Companies,"Portland, OR",not_found,,$82 USD - $82 USD,not stated,2026-08-13,LinkedIn,https://www.linkedin.com/jobs/view/4454079134/
Environmental Specialist,Brunel,"Perth, Western Australia, Australia",likely,Brunel International UK Limited,,not stated,2026-08-13,LinkedIn,https://www.linkedin.com/jobs/view/4450800781/
Environmental Protection Specialist,Veterans Health Administration,"Martinsburg, West Virginia",not_found,,"Starting at $85,447 Per year (GS 11)",not stated,2026-08-13,USAJOBS,https://www.usajobs.gov/job/880408000
Cleanroom Environmental Monitoring Technicians,"Prime Analytical Laboratories, LLC","Concord, CA, US",likely,TORI Limited,$25–$30/hr,not stated,2026-08-13,Indeed,https://www.indeed.com/viewjob?jk=5421de09ffc87bc5
Environmental Scientist,AECOM,"Sacramento, CA, US",confirmed,AECOM LIMITED,$74k–$88k/yr,not stated,2026-08-13,Indeed,https://www.indeed.com/viewjob?jk=147e1d7b1420004d
"Graduate Environmental Consultant - Hazardous Materials/Built Environment - Perth, WA",Tetra Tech,"Perth, WA, AU",confirmed,Tetra Tech Group Limited,,not stated,2026-08-13,Indeed,https://au.indeed.com/viewjob?jk=7583f7e2ff88a953
Environmental Scientist - Contaminated Land Management,WSP,"Sydney, NSW, AU",confirmed,WSP Group Limited,,not stated,2026-08-13,Indeed,https://au.indeed.com/viewjob?jk=1a7cdf81f32d5e5a
Air Quality Specialist - Relocate to Newcastle,AECOM,"Sydney, NSW, AU",confirmed,AECOM LIMITED,,not stated,2026-08-13,Indeed,https://au.indeed.com/viewjob?jk=36960a13f9178a28
Air Quality Specialist,AECOM,"Newcastle, NSW, AU",confirmed,AECOM LIMITED,,not stated,2026-08-13,Indeed,https://au.indeed.com/viewjob?jk=fe1cb034af20e8a6
Associate Environmental Scientist - Contaminated Land Management,WSP,"Sydney, NSW, AU",confirmed,WSP Group Limited,,not stated,2026-08-12,Indeed,https://au.indeed.com/viewjob?jk=42b0b6c684ba82c6
Senior/Associate Consultant - Land Quality & Remediation,SLR Consulting,"Perth, Western Australia, Australia",confirmed,SLR Consulting Limited,,not stated,2026-08-12,LinkedIn,https://www.linkedin.com/jobs/view/4432341176/
INTERNAL POSTING: Risk Assessment & Compliance Coordinator,Sarpy County,"Papillion, Nebraska, United States",likely,Count LTD,$82k–$99k/yr,not stated,2026-08-12T23:41:14.000Z,HiringCafe,https://www.governmentjobs.com/careers/sarpycountyne/jobs/5446605
Toxicologist (4947),MPHI,"Lansing, Michigan, United States",likely,Amphibio Ltd,$58k–$93k/yr,not stated,2026-08-12T17:24:16.000Z,HiringCafe,https://career8.successfactors.com/career?career_ns=job_listing&company=mphi&career_job_req_id=4947
Environmental Scientist/Project Manager,EnSafe Inc.,"Del Mar, CA, US",likely,Gensafe Limited,$71k–$110k/yr,not stated,2026-08-12,Indeed,https://www.indeed.com/viewjob?jk=8cb6e72f24fbb479
Environmental Scientist/Project Manager,EnSafe Inc.,"San Marcos, CA, US",likely,Gensafe Limited,$71k–$110k/yr,not stated,2026-08-12,Indeed,https://www.indeed.com/viewjob?jk=3863003e8d321d46
Environmental Scientist/Project Manager,EnSafe Inc.,"Poway, CA, US",likely,Gensafe Limited,$71k–$110k/yr,not stated,2026-08-12,Indeed,https://www.indeed.com/viewjob?jk=ecad731c4ad53c92
Environmental Scientist/Project Manager,EnSafe Inc.,"San Diego, CA, US",likely,Gensafe Limited,$71k–$110k/yr,not stated,2026-08-12,Indeed,https://www.indeed.com/viewjob?jk=b1fe3f2861ff7324
Environmental Scientist/Project Manager,EnSafe Inc.,"Escondido, CA, US",likely,Gensafe Limited,$71k–$110k/yr,not stated,2026-08-12,Indeed,https://www.indeed.com/viewjob?jk=170d4a5698d393f7
Environmental Analyst,RoseyFields,"Santa Monica, CA",not_found,,,not stated,2026-08-12,LinkedIn,https://www.linkedin.com/jobs/view/4452769169/
Toxicologist,Integral Consulting Inc.,United States,not_found,,$65k–$115k/yr,not stated,2026-08-12T18:09:27.000Z,HiringCafe,https://recruiting.paylocity.com/Recruiting/Jobs/Details/4414585
Environmental Scientist,"TRC Companies, Inc.","Woodinville, Washington, United States",confirmed,TRC Companies Limited,$50k–$56k/yr,not stated,2026-08-12T13:47:32.000Z,HiringCafe,https://careers.trccompanies.com/jobs/26357?lang=en-us
Early Career Environmental Scientist,WSP,"Portland, OR, US",confirmed,WSP Group Limited,$55k–$76k/yr,not stated,2026-08-12,Indeed,https://www.indeed.com/viewjob?jk=5ac880d633ea61d1
Environmental Scientist II - Williamsport,CDR Companies,"State College, Pennsylvania, United States",not_found,,,not stated,2026-08-12T13:42:22.823Z,HiringCafe,https://jobs.workable.com/view/gdKMuzfgJfYMXC59oMoWLp/environmental-scientist-ii---williamsport-in-state-college-at-cdr-companies
Environmental Protection Specialist,Department of Energy Headquarters,"Washington, District of Columbia",likely,Head UK Limited,"Starting at $143,913 Per year (GS 14)",not stated,2026-08-12,USAJOBS,https://www.usajobs.gov/job/880077600
Subject Matter Specialist (Air Quality) - DIRECT HIRE AUTHORITY,Air Force Materiel Command,"Kelly AFB, Texas",not_found,,"Starting at $90,823 Per year (NH 3)",not stated,2026-06-08,USAJOBS,https://www.usajobs.gov/job/872100900
Environmental Specialist II/III (Limited Term),County of San Luis Obispo,"San Luis Obispo, CA, US",likely,Count LTD,$83k–$124k/yr,not stated,2026-08-11,Indeed,https://www.indeed.com/viewjob?jk=bd714757535581b2
Air Pollution Specialist,California Air Resources Board,"Sacramento, CA",likely,AIR RESOURCES LIMITED,"$5,918.00/mo - $11,455.00/mo",not stated,2026-08-12,LinkedIn,https://www.linkedin.com/jobs/view/4443734719/
Senior Environmental Specialist,Tower Semiconductor,"Newport Beach, CA",not_found,,"$106,000.00/yr - $124,000.00/yr",not stated,2026-08-12,LinkedIn,https://www.linkedin.com/jobs/view/4428405819/
Early Career Environmental Scientist,WSP in the U.S.,"Portland, OR",not_found,,"$55,200 - $75,900",not stated,2026-08-12,LinkedIn,https://www.linkedin.com/jobs/view/4453141599/
Environmental Scientist,"Johnson, Mirmiran & Thompson, Inc.","Newark, Delaware, United States",likely,JOHNS&CO,,not stated,2026-08-11T22:48:49.165Z,HiringCafe,https://jobs.silkroad.com/JMT/JMTCareers/jobs/15397?embedded=true
Environmental Scientist,Ayres Associates,"Green Bay, Wisconsin, United States",likely,Asso Ltd,,not stated,2026-08-11T20:41:07.441Z,HiringCafe,https://recruiting2.ultipro.com/ayr1000ayres/JobBoard/65753e62-eccf-4a31-8153-b4952c2a4d4c/OpportunityDetail?opportunityId=beee9916-4fbe-4723-826a-73262ef4547b
PFAS Program Manager,"EKI Environment & Water, Inc.","Daly City, CA",not_found,,"$150,000.00/yr - $175,000.00/yr",not stated,2026-08-11,LinkedIn,https://www.linkedin.com/jobs/view/4452675705/
Environmental Health Safety Specialist,BayOne Solutions,"Mountain View, CA",not_found,,$50.00/hr - $55.00/hr,not stated,2026-08-11,LinkedIn,https://www.linkedin.com/jobs/view/4451945599/
Security Officer Full Time Unarmed Patrol Risk Assessment,Allied Universal,"San Mateo, CA, US",not_found,,,not stated,2026-08-11,Indeed,https://www.indeed.com/viewjob?jk=0b2a6b19c49068cb
"Program Manager, Specialized Risk Assessment",Meta,"Menlo Park, CA",likely,3G Metal Fabrications Limited,"$153,000.00/yr - $209,000.00/yr",not stated,2026-08-11,LinkedIn,https://www.linkedin.com/jobs/view/4449863346/
Air Quality Managing Consultant,Ramboll,"Newcastle, New South Wales, Australia",confirmed,Ramboll UK Limited,,not stated,2026-08-10,LinkedIn,https://www.linkedin.com/jobs/view/4451395961/
Environmental Scientist,Energy Northwest,"Richland, Washington, United States",likely,The West Group,$126k–$190k/yr,not stated,2026-08-10T00:00:00.000Z,HiringCafe,https://energynorthwest.wd1.myworkdayjobs.com/external/job/Richland-WA/Environmental-Scientist_REQ26_255
Senior Environmental Health Officer,Queensland Government,"Brisbane, QLD, AU",not_found,,,not stated,2026-08-10,Indeed,https://au.indeed.com/viewjob?jk=e2bc5dadfacc2710
Product Stewardship Project Manager,Abbott,"Temecula, CA, US",likely,Abbott & Co (Newark) Ltd,$99k–$199k/yr,not stated,2026-08-10,Indeed,https://www.indeed.com/viewjob?jk=e9b4234f4f2b7db4
Water Resources Project Manager,"EKI Environment & Water, Inc.","Daly City, CA",not_found,,"$113,000.00/yr - $160,000.00/yr",not stated,2026-08-10,LinkedIn,https://www.linkedin.com/jobs/view/4452031318/
Environmental Health Safety Coordinator,Kelly,"Lodi, CA",likely,Ballykelly Consulting Ltd,,not stated,2026-08-10,LinkedIn,https://www.linkedin.com/jobs/view/4451445514/
Toxicologist,CA&M,"Bethesda, Maryland, United States",likely,Africa Matters Limited,$170k/yr,not stated,2026-08-10T00:00:00.000Z,HiringCafe,https://caandm.bamboohr.com/careers/105
Environmental Scientist,WESTWOOD PROFESSIONAL SERVICES INC,"Fort Worth, Texas, United States",likely,OD PR Limited,,not stated,2026-08-10T15:56:48.000Z,HiringCafe,https://recruiting.paylocity.com/Recruiting/Jobs/Details/4395491
SENIOR ENVIRONMENTAL SCIENTIST (SUPERVISORY),Department Of Food & Agriculture,"CA, US",likely,The Department UK Ltd,$11k–$13k/mo,not stated,2026-08-10,Indeed,https://www.indeed.com/viewjob?jk=15d6fca1b1b96b02
Associate Toxicologist,Department of Pesticide Regulation,"Sacramento County, California, United States",likely,The Department UK Ltd,$83k–$118k/yr,not stated,2026-07-24T12:00:00.000Z,HiringCafe,https://www.calcareers.ca.gov/CalHrPublic/Jobs/JobPosting.aspx?JobControlId=525902
Senior Environmental Scientist,Salt River Project,"Casa Grande, Arizona, United States",likely,RIVER UK LIMITED,,not stated,2026-08-06T00:00:00.000Z,HiringCafe,https://careers.srpnet.com/job/Casa-Grande-Senior-Environmental-Scientist-AZ/1416886000/
Equipment Management and Environmental Monitoring Manager,Element Materials Technology,"Concord, CA",likely,ELEMENT MATERIALS TECHNOLOGY SHARED SERVICES LIMITED,$90k-$110k,not stated,2026-08-10,LinkedIn,https://www.linkedin.com/jobs/view/4451565785/
"Manager, Environmental Compliance & Strategy",Pattern Energy,"San Diego, CA",likely,Tern PLC,"$103,000 - $138,000 USD",not stated,2026-08-10,LinkedIn,https://www.linkedin.com/jobs/view/4451575126/
"Manager, Environmental Compliance & Strategy",Pattern Energy,"San Francisco, CA",likely,Tern PLC,"$103,000 - $138,000 USD",not stated,2026-08-10,LinkedIn,https://www.linkedin.com/jobs/view/4451562783/
Environmental Health Safety Specialist,Trinity Consultants Engineering & EHS Workforce Solutions,Los Angeles Metropolitan Area,likely,Consulta Limited,,not stated,2026-08-10,LinkedIn,https://www.linkedin.com/jobs/view/4451574209/
Environmental Health Safety Director - JAPAC,Oracle,Australia,likely,Office Oracle Group Limited,,not stated,2026-08-10,LinkedIn,https://www.linkedin.com/jobs/view/4449818005/
Environmental Protection Specialist,U.S. Coast Guard,"New London County, Connecticut",not_found,,"Starting at $69,642 Per year (GS 9)",not stated,2026-08-10,USAJOBS,https://www.usajobs.gov/job/879914700
Environmental Scientist,Environmental Research Group,"Portland, OR, US",likely,UK Search Limited,$80k–$90k/yr,not stated,2026-08-10,Indeed,https://www.indeed.com/viewjob?jk=d7ccea15bc6f097e
Sr. Toxicologist (5361),Cordant Health Solutions,"Indianapolis, Indiana, United States",not_found,,,not stated,2026-07-31T00:00:00.000Z,HiringCafe,https://www.paycomonline.net/v4/ats/web.php/jobs/ViewJobDetails?job=95997&clientkey=A613B65E070D1EAEF6E472E68EEB3091
Environmental Scientist,Hudbay,Helvetia or Sahuarita,likely,DBAY UK Limited,,not stated,2026-07-28T23:21:00.000Z,HiringCafe,https://workforcenow.adp.com/mascsr/default/mdf/recruitment/recruitment.html?cid=75035fc6-bd6d-4aae-bbc2-5ec6ab98eb64&ccId=19000101_000001&jobId=578087&lang=en_US
Principal Air Quality Chemist,South Coast Air Quality Management District,"Diamond Bar, CA",not_found,,"$117,094.95 - $166,105.90 Annually",not stated,2026-08-09,LinkedIn,https://www.linkedin.com/jobs/view/4451351840/
ASSISTANT TOXICOLOGIST I POST-MORTEM,State of Maryland - MDH Ofc of Chief Med Examiner,"Baltimore, Maryland, United States",not_found,,$72k–$113k/yr,not stated,2026-08-07T00:00:00.000Z,HiringCafe,https://www.jobapscloud.com/MD/sup/bulpreview.asp?b=&R1=26&R2=002330&R3=0001
Environmental Scientist,Environmental Research Group,Boise or United States,likely,UK Search Limited,$80k–$90k/yr,not stated,2026-08-07T00:00:00.000Z,HiringCafe,https://envrg.isolvedhire.com/jobs/1838763
2026-27 Lecturer Pool Department of Earth and Environmental Sciences,"California State University, Chico","Chico, CA",not_found,,"$5,507 – $6,677 per month",not stated,2026-08-08,LinkedIn,https://www.linkedin.com/jobs/view/4382204300/
Environmental Protection Specialist,U.S. Coast Guard,"Warrenton, Oregon",not_found,,"Starting at $61,722 Per year (GS 9)",not stated,2026-08-07,USAJOBS,https://www.usajobs.gov/job/879804900
Environmental Scientist,Environmental Research Group,Denver or United States,likely,UK Search Limited,$80k–$90k/yr,not stated,2026-08-07T00:00:00.000Z,HiringCafe,https://envrg.isolvedhire.com/jobs/1838758
ENVIRONMENTAL HEALTH SPECIALIST I/II,COUNTY OF FRESNO,"Fresno, CA",likely,Count LTD,"$62,530 - $79,794",not stated,2026-08-08,LinkedIn,https://www.linkedin.com/jobs/view/4451010687/
Senior Environmental Health Safety Specialist,Hunter Industries,"San Marcos, CA",not_found,,"$87,000 to $100,000",not stated,2026-08-07,LinkedIn,https://www.linkedin.com/jobs/view/4450503127/
Environmental Scientist,United Water Conservation District,"Oxnard, California, United States",likely,Unite,$100k–$121k/yr,not stated,2026-08-07T19:57:38.000Z,HiringCafe,https://www.governmentjobs.com/careers/unitedwaterca/jobs/5441316
Customs Compliance Risk Assessment Specialist,Deringer,United States,not_found,,$65k–$75k/yr,not stated,2026-08-07T20:38:58.022Z,HiringCafe,https://recruiting.ultipro.com/and1007ander/JobBoard/030925a7-6a27-6b61-9c69-34c22ddb7fab/OpportunityDetail?opportunityId=10adc2c9-316d-4c90-85ac-d77ccdbbc140
Enforcement Air Pollution Specialist,California Air Resources Board,"Riverside County, CA",likely,AIR RESOURCES LIMITED,"$5,918.00/mo - $11,455.00/mo",not stated,2026-08-07,LinkedIn,https://www.linkedin.com/jobs/view/4450789529/
Microbiology Lab Tech II (Environmental Monitoring & Water Testing Analyst),Orion Group,"Irvine, CA",likely,AURORION LUXDRIVE LTD,$23.00/hr - $26.00/hr,not stated,2026-08-07,LinkedIn,https://www.linkedin.com/jobs/view/4450798114/
Academic Remediation Specialist,Summit College,"San Bernardino, CA, US",not_found,,,not stated,2026-08-07,Indeed,https://www.indeed.com/viewjob?jk=0f72c4713ba6aad7
Environmental Protection Specialist,DLA Careers,"Herlong, CA",likely,Care & Co Ltd,,not stated,2026-08-07,LinkedIn,https://www.linkedin.com/jobs/view/4448471064/
Water Quality Analyst I (50.26),Golden State Water Company,"San Dimas, CA",not_found,,$29.36/hr - $47.09/hr,not stated,2026-08-07,LinkedIn,https://www.linkedin.com/jobs/view/4422460598/
AIR POLLUTION SPECIALIST,State Air Resources Board,"CA, US",likely,AIR RESOURCES LIMITED,$5918–$11k/mo,not stated,2026-08-07,Indeed,https://www.indeed.com/viewjob?jk=0673d9a17f0fc41f
"Program Manager, Specialized Risk Assessment",Meta,"New York City, New York, United States",likely,3G Metal Fabrications Limited,$153k–$209k/yr,not stated,2026-08-06T20:56:52.650Z,HiringCafe,https://www.metacareers.com/profile/job_details/27594242883591804
ENVIRONMENTAL PROTECTION SPECIALIST,"Commander, Navy Installations Command","Fort Worth, Texas",not_found,,"Starting at $67,100 Per year (GS 9)",not stated,2026-08-07,USAJOBS,https://www.usajobs.gov/job/879114700
Environmental Protection Specialist,United States Army Installation Management Command,"Fort Riley, Kansas",likely,ION MAN LIMITED,"Starting at $61,722 Per year (GS 9-11)",not stated,2026-08-06,USAJOBS,https://www.usajobs.gov/job/879503300
Supervisory Environmental Protection Specialist,United States Army Installation Management Command,"Wheeler Army Airfield, Hawaii",likely,ION MAN LIMITED,"Starting at $111,119 Per year (GS 13)",not stated,2026-08-06,USAJOBS,https://www.usajobs.gov/job/879486300
Associate Director - Water Resources,AECOM,"Newcastle West, NSW, AU",confirmed,AECOM LIMITED,,not stated,2026-08-07,Indeed,https://au.indeed.com/viewjob?jk=2665463e07267300
Environmental Science Senior II - (Natural Resource Management / Biology),SoCalGas,"Los Angeles, CA, US",not_found,,$116k–$182k/yr,not stated,2026-08-06,Indeed,https://www.indeed.com/viewjob?jk=a886e04178ac5744
Remediation Project Manager,KELLER,"San Francisco, CA",confirmed,Keller Group Plc,"$90,000 - $130,000 per year",not stated,2026-08-07,LinkedIn,https://www.linkedin.com/jobs/view/4438351914/
Senior Water Quality & Environment Officer,Total HRM,Greater Albury-Wodonga Area,not_found,,,not stated,2026-08-07,LinkedIn,https://www.linkedin.com/jobs/view/4450051584/
Toxicologist,Integral Consulting Inc.,United States,not_found,,$65k–$115k/yr,not stated,2026-08-06T17:54:48.000Z,HiringCafe,https://recruiting.paylocity.com/Recruiting/Jobs/Details/4393003
Senior Veterinary Toxicologist – Product Safety,Procter & Gamble,"Cincinnati, Ohio, United States",confirmed,Procter & Gamble Limited,$144k–$219k/yr,not stated,2026-08-06T00:00:00.000Z,HiringCafe,https://pg.wd5.myworkdayjobs.com/1000/job/MASON-BUS-AND-INNOVATION-CTR/Senior-Veterinary-Toxicologist---Product-Safety_R000156252
Environmental Scientist,Colliers Engineering & Design,"Mount Laurel, New Jersey, United States",not_found,,$65k–$83k/yr,not stated,2026-08-05T23:12:09.000Z,HiringCafe,https://careers.colliersengineering.com/jobs/13912?lang=en-us
Research Scientist 1 (Water Pollution),New York State,"Albany, New York, United States",not_found,,$67k–$85k/yr,not stated,2026-08-06T00:00:00.000Z,HiringCafe,https://statejobsny.com/public/vacancyDetailsView.cfm?id=221289
SENIOR ENVIRONMENTAL SCIENTIST (SPECIALIST),CALIFORNIA ENERGY COMMISSION,"CA, US",likely,The Mission Group plc,$7820–$11k/mo,not stated,2026-08-06,Indeed,https://www.indeed.com/viewjob?jk=c60723b784a7c660
SENIOR ENVIRONMENTAL SCIENTIST (SPECIALIST),Department Of Forestry & Fire Protection,"CA, US",likely,Prot Ltd,$7820–$11k/mo,not stated,2026-08-06,Indeed,https://www.indeed.com/viewjob?jk=0c1d26e5ccfaa166
Senior Environmental Scientist,Tetra Tech,"Fortitude Valley, QLD, AU",confirmed,Tetra Tech Group Limited,,not stated,2026-08-04,Indeed,https://au.indeed.com/viewjob?jk=32f4a5990dccebbf
Senior Environmental Scientist,Tetra Tech,"Cairns, QLD, AU",confirmed,Tetra Tech Group Limited,,not stated,2026-08-04,Indeed,https://au.indeed.com/viewjob?jk=f4104e1ff1a970b0
Project Officer - Hazardous Materials,Sydney Water,"Harris Park, New South Wales, Australia",not_found,,,not stated,2026-08-06,LinkedIn,https://www.linkedin.com/jobs/view/4449965888/
Environmental Health Scientist II,Utahcounty,"Provo, Utah, United States",likely,Count LTD,$75k–$86k/yr,not stated,2026-08-05T00:00:00.000Z,HiringCafe,https://utahcounty.wd1.myworkdayjobs.com/utah_county_careers/job/1--Health---Environmental-Health/Environmental-Health-Scientist-II_R0001775
Environmental Protection Program Senior Scientist,California Department of Forestry and Fire Protection (CAL FIRE),"Sacramento, CA",likely,Prot Ltd,"$7,820.00/mo - $10,732.00/mo",not stated,2026-08-06,LinkedIn,https://www.linkedin.com/jobs/view/4449336964/
Senior Environmental Compliance Project Manager,Dudek,"Oakland, CA",not_found,,"$110,000-$150,000 annually",not stated,2026-08-05,LinkedIn,https://www.linkedin.com/jobs/view/4449921963/
Environmental Scientist ,Apex Companies,Rockville or North America,not_found,,$45k–$55k/yr,not stated,2026-08-05T19:03:36.000Z,HiringCafe,https://job-boards.greenhouse.io/apexcompanies/jobs/5381157008
Environmental Compliance Manager,City of Redding,"Redding, CA",not_found,,,not stated,2026-08-05,LinkedIn,https://www.linkedin.com/jobs/view/4449937231/
"Supervisor II, Water Quality",Liberty,"Downey, CA",likely,Bioliberty Ltd,"$120,000.00- $160,000.00 per year",not stated,2026-08-05,LinkedIn,https://www.linkedin.com/jobs/view/4449932085/
Supervising Environmental Health Specialist,County of Sonoma (CA),"Santa Rosa, CA, US",likely,Count LTD,,not stated,2026-08-04,Indeed,https://www.indeed.com/viewjob?jk=ef099f952c158c39
Senior Environmental Specialist,Oldcastle APG,"Fontana, CA",not_found,,"$110,000-115,000",not stated,2026-08-05,LinkedIn,https://www.linkedin.com/jobs/view/4448051833/
AIR POLLUTION SPECIALIST,State Air Resources Board,"CA, US",likely,AIR RESOURCES LIMITED,$5918–$11k/mo,not stated,2026-08-05,Indeed,https://www.indeed.com/viewjob?jk=0fe0be9024417171
Microbiology & Environmental Monitoring Analyst,Astrix,"Newark, CA",likely,Strix UK Ltd,$27 - $29/hour,not stated,2026-08-05,LinkedIn,https://www.linkedin.com/jobs/view/4449142288/
Environmental Health Specialist I/II,Kings County,"Hanford, CA",likely,Count LTD,,not stated,,NEOGOV,https://www.governmentjobs.com/jobs/5434932-0/environmental-health-specialist-i-ii
Environmental Protection Specialist,Animal and Plant Health Inspection Service,"Manhattan, Kansas",likely,Inspection Limited,"Starting at $50,460 Per year (GS 7)",not stated,2026-08-04,USAJOBS,https://www.usajobs.gov/job/879063800
ENVIRONMENTAL PROTECTION SPECIALIST,U.S. Marine Corps,"Quantico, Virginia",not_found,,"Starting at $85,447 Per year (GS 11)",not stated,2026-08-03,USAJOBS,https://www.usajobs.gov/job/878936300
SENIOR ENVIRONMENTAL SCIENTIST (SPECIALIST),Department Of Food & Agriculture,"CA, US",likely,The Department UK Ltd,$7820–$11k/mo,not stated,2026-08-05,Indeed,https://www.indeed.com/viewjob?jk=4f741171bca1ade9
"Advisor, Chemical Hazard & SDS Author, Product Stewardship",Nutrien,"CA, US",likely,Anglo American Crop Nutrients Limited,$75k–$140k/yr,not stated,2026-07-31,Indeed,https://www.indeed.com/viewjob?jk=41837ed01d5d074a
Assistant Water Resources Specialist I/II (Limited Term),EHSCareers,"San Jose, CA",likely,Care & Co Ltd,"$118,060.80 - $151,049.60 Annually",not stated,2026-08-05,LinkedIn,https://www.linkedin.com/jobs/view/4449408343/
"Advisor, Chemical Hazard & SDS Author, Product Stewardship",Nutrien,"California, United States",likely,Anglo American Crop Nutrients Limited,"$79,100 - $124,190,",not stated,2026-08-04,LinkedIn,https://www.linkedin.com/jobs/view/4446695609/
Product Stewardship and Chemical Compliance Manager,HP,"Vancouver, WA",not_found,,"$105,050 to $161,800 USD annually",not stated,2026-08-04,LinkedIn,https://www.linkedin.com/jobs/view/4449081227/
Product Stewardship and Chemical Compliance Manager,HP,"Corvallis, OR",not_found,,"$105,050 to $161,800 USD annually",not stated,2026-08-04,LinkedIn,https://www.linkedin.com/jobs/view/4449085141/
Hazardous Materials Consultant,BBN Consulting,"Hawthorne, Queensland, Australia",likely,N Consulting Ltd,,not stated,2026-08-04,LinkedIn,https://www.linkedin.com/jobs/view/4448578912/
Chief Scientist - Forensic Toxicology,State of Utah,"Taylorsville, Utah, United States",not_found,,$90k–$151k/yr,not stated,2026-07-22T00:00:00.000Z,HiringCafe,https://utdgohcm.csod.com/ux/ats/careersite/4/home/requisition/1723?c=utdgohcm
ENVIRONMENTAL SCIENTIST,Department Of Food & Agriculture,"CA, US",likely,The Department UK Ltd,$4418–$9321/mo,not stated,2026-08-04,Indeed,https://www.indeed.com/viewjob?jk=c8a0077dc487d87e
Environmental Health Specialist,Alpine County District Atty,"California, United States",likely,Alpi UK Ltd,$36.49 - $44.36/hour,not stated,2026-08-04,LinkedIn,https://www.linkedin.com/jobs/view/4449057193/
Environmental Scientist,Central Nevada Gold,Elko or Battle Mountain or Carlin,likely,CENTRAL UK GROUP LIMITED,,not stated,2026-07-31T12:54:53.882Z,HiringCafe,https://ats.rippling.com/cng/jobs/dbbbec2b-89ea-4b70-90ba-f405673d2602
Environmental Scientist,Jacobs,New York City or Morristown or Clark or Philadelphia,confirmed,Jacobs Holding LLP,$99k–$176k/yr,not stated,2026-08-03T12:00:00.000Z,HiringCafe,https://careers.jacobs.com/en_US/careers/JobDetail/Environmental-Scientist/43098
Environmental Scientist,Kimley-Horn,"Alpharetta, Georgia, United States",not_found,,,not stated,2026-07-28T16:17:00.000Z,HiringCafe,https://careers-kimley-horn.icims.com/jobs/25548/job?utm_source=hiringcafe_integration&iis=Job%20Board&iisn=HiringCafe
Risk Assessment Analyst,Booz Allen Hamilton,"Alexandria, Virginia, United States",likely,BOOZ ALLEN HAMILTON INTERNATIONAL (U.K.) LTD,$62k–$141k/yr,not stated,2026-08-03T12:00:00.000Z,HiringCafe,https://careers.boozallen.com/jobs/JobDetail/Alexandria-Risk-Assessment-Analyst-R0245970/128184
Associate Environmental Specialist (23394),Brevard County Board of County Commissioners,"Melbourne, FL",likely,Count LTD,,not stated,,NEOGOV,https://www.governmentjobs.com/jobs/147706-1/associate-environmental-specialist-23394
SENIOR ENVIRONMENTAL SCIENTIST (SPECIALIST),DEPARTMENT OF FISH AND WILDLIFE,"CA, US",likely,The Department UK Ltd,$7820–$11k/mo,not stated,2026-08-04,Indeed,https://www.indeed.com/viewjob?jk=73b4da12607699e0
Environmental Scientist (Contaminated Land),Stantec,"Brisbane, QLD, AU",confirmed,Stantec UK Ltd,,not stated,2026-08-04,Indeed,https://au.indeed.com/viewjob?jk=9e51b70e7eac8663
"Senior Environmental Scientist, Environmental Impact Assessment and Approvals",Jacobs,"Perth, WA, AU",confirmed,Jacobs Holding LLP,,not stated,2026-08-04,Indeed,https://au.indeed.com/viewjob?jk=6f422a8929f8e84c
HSSG - Regional Aboriginal Environmental Health Project Officer,NSW Government,AU,not_found,,,not stated,2026-08-04,Indeed,https://au.indeed.com/viewjob?jk=5a3ff5ec67567630
Registered Environmental Health Specialist,City of Berkeley,San Francisco Bay Area,likely,THE BERK LTD,,not stated,2026-08-04,LinkedIn,https://www.linkedin.com/jobs/view/4448540280/
Senior Environmental Specialist,CRH,"Fontana, CA",confirmed,CRH Group Limited,"$110,000-115,000",not stated,2026-08-04,LinkedIn,https://www.linkedin.com/jobs/view/4449001910/
Environmental Scientist,Dewberry,"Panama City, Florida, United States",not_found,,,not stated,2026-08-03T17:08:00.000Z,HiringCafe,https://careers-dewberry.icims.com/jobs/16089/job?utm_source=hiringcafe_integration&iis=Job%20Board&iisn=HiringCafe
Environmental Scientist,Muckleshoot Indian Tribe,"Auburn, Washington, United States",likely,India Inc. Limited,$80k–$127k/yr,not stated,2026-07-21T21:25:00.000Z,HiringCafe,https://careers-muckleshootgov.icims.com/jobs/6302/job?utm_source=hiringcafe_integration&iis=Job%20Board&iisn=HiringCafe
Risk Assessment Analyst,Bah,"Alexandria, Virginia, United States",not_found,,$62k–$141k/yr,not stated,2026-08-03T00:00:00.000Z,HiringCafe,https://bah.wd1.myworkdayjobs.com/bah_jobs/job/Alexandria-VA/Risk-Assessment-Analyst_R0245970
Wealth Management Operational Risk - Non-Financial Risk Assessment Assistant Vice President,Morgan Stanley,"Baltimore, Maryland, United States",confirmed,Morgan Stanley UK Limited,$80k–$115k/yr,not stated,2026-08-03T00:00:00.000Z,HiringCafe,https://ms.wd5.myworkdayjobs.com/external/job/Baltimore-Maryland-United-States-of-America/Wealth-Management-Operational-Risk---Non-Financial-Risk-Assessment-Assistant-Vice-President_PT-JR041791
GHD Graduate Program 2026/27 - WA - Environmental Scientist,GHD,"Perth, Western Australia, Australia",not_found,,,not stated,2026-08-04,LinkedIn,https://www.linkedin.com/jobs/view/4446274873/
Senior Environmental Specialist,Resourceful Recruitment,"Brisbane, Queensland, Australia",likely,Resource Limited,,not stated,2026-08-04,LinkedIn,https://www.linkedin.com/jobs/view/4448808317/
Environmental Scientist,"Allen Engineering and Science, Inc.","Hattiesburg, Mississippi, United States",likely,Science (UK) Limited,,not stated,2026-07-21T00:00:00.000Z,HiringCafe,https://allenes.bamboohr.com/careers/44
"Researcher, Frontier Biological and Chemical Risks",OpenAI,"San Francisco, CA",confirmed,OpenAI UK Ltd,"$295,000.00/yr - $445,000.00/yr",not stated,2026-08-03,LinkedIn,https://www.linkedin.com/jobs/view/4448242997/
ENVIRONMENTAL SCIENTIST,DEPARTMENT OF FISH AND WILDLIFE,"CA, US",likely,The Department UK Ltd,$4418–$9321/mo,not stated,2026-08-03,Indeed,https://www.indeed.com/viewjob?jk=a07a7bea0dba03d8
Senior Air Quality Consultant/ Modeler,Trinity Consultants,"Portland, OR",likely,Consulta Limited,,not stated,2026-08-03,LinkedIn,https://www.linkedin.com/jobs/view/4427556140/
Hazardous Materials Operations Specialist,County of Mendocino,"Ukiah, CA",likely,Count LTD,"$68,286.40 - $82,992.00 Annually",not stated,,NEOGOV,https://www.governmentjobs.com/jobs/5430178-0/hazardous-materials-operations-specialist
ENVIRONMENTAL SCIENTIST 2,State of Nevada,"Reno, Nevada, United States",not_found,,$64k–$96k/yr,not stated,2026-07-26T17:16:56.000Z,HiringCafe,https://www.governmentjobs.com/careers/nv/jobs/5425254
Senior Sediment Remediation Specialist,J&T Business Consulting,"Oakdale, CA, US",not_found,,$110k–$200k/yr,not stated,2026-08-01,Indeed,https://www.indeed.com/viewjob?jk=7aa2348c8aff2819
Senior Sediment Remediation Specialist,J&T Business Consulting,"Los Angeles, CA, US",not_found,,$110k–$200k/yr,not stated,2026-08-01,Indeed,https://www.indeed.com/viewjob?jk=fef31cda3040e8a4
SENIOR ENVIRONMENTAL SCIENTIST (SUPERVISORY),Caltrans - CA Dept. of Transportation,"CA, US",likely,Dept UK Holding Ltd,$11k–$13k/mo,not stated,2026-08-01,Indeed,https://www.indeed.com/viewjob?jk=cea6c62dd10c0b13
ENVIRONMENTAL SCIENTIST,Department of Resources Recycling & Recovery,"CA, US",likely,Ecover UK Limited,$4418–$9321/mo,not stated,2026-08-01,Indeed,https://www.indeed.com/viewjob?jk=b89c8f17749e7d16
AIR POLLUTION SPECIALIST,Unknown,"CA, US",likely,Agency Unknown,$5918–$11k/mo,not stated,2026-08-01,Indeed,https://www.indeed.com/viewjob?jk=002f587c2b79f068
Environmental Scientist II,Ddcdine,"Greenbelt, Maryland, United States",not_found,,$65k–$75k/yr,not stated,2026-07-31T00:00:00.000Z,HiringCafe,https://ddcdine.wd501.myworkdayjobs.com/ddc_careers/job/NASA-Goddard/Environmental-Scientist-II_JR100269
"Director, Water Quality & Environmental Compliance",American Water,"Sacramento, CA, US",not_found,,$141k–$225k/yr,not stated,2026-07-31,Indeed,https://www.indeed.com/viewjob?jk=b291d649f9d27f03
SENIOR ENVIRONMENTAL SCIENTIST (SUPERVISORY),Caltrans,"Oakland, CA",not_found,,"$10,854.00/mo - $13,493.00/mo",not stated,2026-07-31,LinkedIn,https://www.linkedin.com/jobs/view/4447701825/
"Director, Water Quality & Environmental Compliance",American Water,"Imperial Beach, CA",not_found,,"$141,390 - $225,350",not stated,2026-07-31,LinkedIn,https://www.linkedin.com/jobs/view/4447580846/
"Specialist, IT and Cyber Risk Assessment",Lincoln Financial,Radnor or Charlotte or Fort Wayne or Greensboro or United States,likely,ANCI GROUP LIMITED,$56k–$100k/yr,not stated,2026-07-31T00:00:00.000Z,HiringCafe,https://jobs.lincolnfinancial.com/job/Radnor-Specialist%2C-IT-and-Cyber-Risk-Assessment-PA/1414491500/
Associate Environmental Scientist,QK,"Bakersfield, CA",not_found,,,not stated,2026-07-31,LinkedIn,https://www.linkedin.com/jobs/view/4447176139/
Associate Environmental Scientist,QK,"Visalia, CA",not_found,,$32–$40/hr,not stated,2026-07-31,LinkedIn,https://www.linkedin.com/jobs/view/4447180088/
Environmental Health Manager,County of Mendocino,"Ukiah, CA",likely,Count LTD,"$97,032.00 - $117,936.00 Annually",not stated,,NEOGOV,https://www.governmentjobs.com/jobs/5431172-0/environmental-health-manager
Environmental Health Specialist (Entry/Journey) DOQ,Solano County,"Fairfield, CA",likely,Count LTD,"$3,047.20 - $4,505.60 Biweekly",not stated,,NEOGOV,https://www.governmentjobs.com/jobs/5403548-0/environmental-health-specialist-entry-journey-doq
Environmental Protection Specialist,Transportation Security Administration,"Springfield, Virginia",not_found,,"Starting at $102,415 Per year (SV H-I)",not stated,2026-07-31,USAJOBS,https://www.usajobs.gov/job/878787500
Environmental Protection Specialist - DIRECT HIRE,Office of the Secretary of Transportation,"Washington, District of Columbia",likely,Office Holdings Limited,"Starting at $121,785 Per year (GS 13-14)",not stated,2026-07-31,USAJOBS,https://www.usajobs.gov/job/878709100
Environmental Protection Specialist,Animal and Plant Health Inspection Service,"Fort Collins, Colorado",likely,Inspection Limited,"Starting at $64,453 Per year (GS 9)",not stated,2026-07-31,USAJOBS,https://www.usajobs.gov/job/878748100
ENVIRONMENTAL PROTECTION SPECIALIST,"Commander, Navy Installations Command","Pearl Harbor, Hawaii",not_found,,"Starting at $64,438 Per year (GS 9)",not stated,2026-07-30,USAJOBS,https://www.usajobs.gov/job/878689300
Environmental Protection Assistant,U.S. Coast Guard,"Aguadilla, Puerto Rico",not_found,,"Starting at $50,460 Per year (GS 7)",not stated,2026-07-31,USAJOBS,https://www.usajobs.gov/job/878722200
ENVIRONMENTAL SCIENTIST,Department of Toxic Substances Control,"CA, US",likely,Ontro Ltd,$4418–$9321/mo,not stated,2026-07-31,Indeed,https://www.indeed.com/viewjob?jk=40c0bfa14aa4eb67
Environmental Health Worker,Queensland Government,"Rockhampton, QLD, AU",not_found,,,not stated,2026-07-31,Indeed,https://au.indeed.com/viewjob?jk=bb4c07d55178380d
Senior Remediation Subject Matter Expert (SME),AECOM,"Oakland, CA",confirmed,AECOM LIMITED,$60.00/hr - $85.00/hr,not stated,2026-07-31,LinkedIn,https://www.linkedin.com/jobs/view/4445534204/
Experienced Environmental Data Manager,Geosyntec Consultants,"Santa Barbara, CA",confirmed,Geosyntec Consultants Ltd,"$97,255/year - $145,940/year",not stated,2026-07-31,LinkedIn,https://www.linkedin.com/jobs/view/4418834909/
Construction Associate Environmental Specialist- Solar,Mortenson,"California, United States",not_found,,"$73,800 - $92,300",not stated,2026-07-31,LinkedIn,https://www.linkedin.com/jobs/view/4438830542/
Senior Air Quality Specialist,Trinity Consultants,"Santa Clarita, CA",likely,Consulta Limited,"$90,000.00/yr - $120,000.00/yr",not stated,2026-07-30,LinkedIn,https://www.linkedin.com/jobs/view/4447212406/
"Environmental Scientist/Hazardous Materials - Perth, WA",Tetra Tech Coffey,"Perth, Western Australia, Australia",likely,A-TEC LIMITED,,not stated,2026-07-30,LinkedIn,https://www.linkedin.com/jobs/view/4446776172/
SAF Regulatory/Environmental Specialist II,Experis,"Corona, CA",likely,PERI Limited,$20 to $26,not stated,2026-07-31,LinkedIn,https://www.linkedin.com/jobs/view/4446968476/
Environmental Health Officer - Senior - Cairns,Queensland Government,"Far North Queensland, QLD, AU",not_found,,,not stated,2026-07-29,Indeed,https://au.indeed.com/viewjob?jk=95714d7f4b361aec
Senior Environmental Scientist,AARC Environmental Solutions,"Brisbane, Queensland, Australia",likely,ARC ENVIRONMENTAL LIMITED,,not stated,2026-07-30,LinkedIn,https://www.linkedin.com/jobs/view/4446931768/
Environmental Scientist,ALRA | Australia’s Leading Recruitment Agency,"Sydney, New South Wales, Australia",likely,Agency Inc Ltd,"$80,000 - $90,000",not stated,2026-07-30,LinkedIn,https://www.linkedin.com/jobs/view/4424327447/
SENIOR ENVIRONMENTAL SCIENTIST (SUPERVISORY),Department of Resources Recycling & Recovery,"CA, US",likely,Ecover UK Limited,$11k–$13k/mo,not stated,2026-07-30,Indeed,https://www.indeed.com/viewjob?jk=2be21483137c5b2a
Senior Environmental Scientist (Supervisory),CalRecycle,"Sacramento, CA",not_found,,"$10,854.00/mo - $13,493.00/mo",not stated,2026-07-30,LinkedIn,https://www.linkedin.com/jobs/view/4447073153/
"Health Scientist, Project Manager - Toxicology and Exposure Science",Onterris,"Little Rock, Arkansas, United States",not_found,,$95k–$120k/yr,not stated,2026-07-30T00:00:00.000Z,HiringCafe,https://onterris.wd1.myworkdayjobs.com/ont/job/USA-AR-Little-Rock--Northshore-Dr/Health-Scientist--Project-Manager---Toxicology-and-Exposure-Science_R8618
Environmental Specialist I/II,City of Vista,"Vista City Hall - 200 Civic Center Drive Vista 92084, CA",not_found,,"$75,183.16 - $100,752.86 Annually",not stated,2026-07-30,NEOGOV,https://www.governmentjobs.com/jobs/5366037-0/environmental-specialist-i-ii
"Hazardous Materials / Licensed Asbestos Assessor - Perth, WA",Tetra Tech,"Perth, WA, AU",confirmed,Tetra Tech Group Limited,,not stated,2026-07-30,Indeed,https://au.indeed.com/viewjob?jk=7f84e3685258cb2c
Environmental Protection Specialist,Veterans Health Administration,"Topeka, Kansas",not_found,,"Starting at $75,897 Per year (GS 11)",not stated,2026-07-30,USAJOBS,https://www.usajobs.gov/job/878592100
FIREFIGHTER (HAZARDOUS MATERIALS TECH-BASIC LIFE SUPPORT) (Title 5),Air National Guard Units,"Fort Smith, Arkansas",not_found,,"Starting at $50,460 Per year (GS 7)",not stated,2026-07-30,USAJOBS,https://www.usajobs.gov/job/878593700
Toxicologist II-Promotional-Medical Examiner-26430507PME,County of San Diego,"San Diego County, California, United States",likely,Count LTD,$117k–$144k/yr,not stated,2026-07-29T00:00:00.000Z,HiringCafe,https://www.governmentjobs.com/careers/sdcounty/jobs/5415403
"Global Financial Crimes Risk Assessment, Vice President - Hybrid",Mufgub,"Irving, Texas, United States",not_found,,$133k–$195k/yr,not stated,2026-07-29T00:00:00.000Z,HiringCafe,https://mufgub.wd3.myworkdayjobs.com/mufg-careers/job/Irving-TX/Global-Financial-Crimes-Risk-Assessment--Vice-President---Hybrid_10078294-WD-1
Senior Environmental Scientist,AtkinsRéalis,"Tampa, Florida, United States",not_found,,$120k–$145k/yr,not stated,2026-07-29T00:00:00.000Z,HiringCafe,https://slihrms.wd3.myworkdayjobs.com/careers/job/USFLTampa4030-West-Boy-Scout-Boulevard/Senior-Environmental-Scientist_R-160679
Environmental Scientist (JC-526522),Caltrans,"Los Angeles County, CA",not_found,,"$53,016.00/yr - $111,852.00/yr",not stated,2026-07-29,LinkedIn,https://www.linkedin.com/jobs/view/4446443777/
"ENVIRONMENTAL SCIENCE SENIOR I AT SDG&E (SAN DIEGO, CA)",Women in Cleantech and Sustainability,"San Diego, CA",likely,AnTech Ltd,,not stated,2026-07-29,LinkedIn,https://www.linkedin.com/jobs/view/4444171831/
Principal Environmental Scientist - Contaminated Land,AECOM,"Perth, Western Australia, Australia",confirmed,AECOM LIMITED,,not stated,2026-07-29,LinkedIn,https://www.linkedin.com/jobs/view/4444186533/
Principal Remediation Consultant,LVI Associates,"San Francisco County, CA",likely,Asso Ltd,"$160,000.00/yr - $220,000.00/yr",not stated,2026-07-29,LinkedIn,https://www.linkedin.com/jobs/view/4446845390/
Environmental Science Teacher,Rutherford County Schools - Tennessee,"Oxnard, CA",likely,Count LTD,,not stated,2026-07-29,LinkedIn,https://www.linkedin.com/jobs/view/4444156499/
Environmental Protection Specialist III,WM,"San Jose, CA",not_found,,"$108,750.00/yr - $118,000.00/yr",not stated,2026-07-29,LinkedIn,https://www.linkedin.com/jobs/view/4429732952/
Biologist/Toxicologist/Physical Scientist/Chemist,Environmental Protection Agency,Washington or Durham or Cincinnati,likely,Agency Inc Ltd,$131k–$187k/yr,not stated,2026-07-29T09:42:34.250Z,HiringCafe,https://www.usajobs.gov/job/878410200
Environmental Scientist (Environmental Analyst IV),"Maryland Department of Transportation, MD","Baltimore, Maryland, United States",likely,The Department UK Ltd,$77k–$121k/yr,not stated,2026-07-29T15:03:46.142Z,HiringCafe,https://www.governmentjobs.com/careers/mdotmd/jobs/5407352
Environmental Scientist III,Kentucky Energy and Environment Cabinet,Franklin County or United States,likely,The Cabin (UK) Ltd,$52k–$71k/yr,not stated,2026-07-29T00:00:00.000Z,HiringCafe,https://kypersonnelcabinet.csod.com/ux/ats/careersite/49/home/requisition/80054?c=kypersonnelcabinet
"VP, Billing, Monitoring and Risk Assessment",UPMC,"Pittsburgh, Pennsylvania, United States",not_found,,,not stated,2026-07-29T12:11:15.720Z,HiringCafe,https://upmcjobs.taleo.net/careersection/upmc_external/jobdetail.ftl?job=7819682346&lang=en
Environmental Scientist,Mott MacDonald,"Los Angeles, CA, US",confirmed,Mott MacDonald Ltd,$89k–$109k/yr,not stated,2026-07-29,Indeed,https://www.indeed.com/viewjob?jk=a15a5f12e134daf2
SENIOR ENVIRONMENTAL SCIENTIST (SUPERVISORY),DEPARTMENT OF WATER RESOURCES,"CA, US",likely,Resource Limited,$11k–$13k/mo,not stated,2026-07-29,Indeed,https://www.indeed.com/viewjob?jk=758c9bc64ef8c6fc
ENVIRONMENTAL SCIENTIST,Department Of Food & Agriculture,"CA, US",likely,The Department UK Ltd,$4418–$9321/mo,not stated,2026-07-29,Indeed,https://www.indeed.com/viewjob?jk=345d6696569c9177
ENVIRONMENTAL SCIENTIST,Caltrans - CA Dept. of Transportation,"CA, US",likely,Dept UK Holding Ltd,$4418–$9321/mo,not stated,2026-07-29,Indeed,https://www.indeed.com/viewjob?jk=0568cb060b7b17fe
ENVIRONMENTAL SCIENTIST,Caltrans - CA Dept. of Transportation,"CA, US",likely,Dept UK Holding Ltd,$4418–$9321/mo,not stated,2026-07-29,Indeed,https://www.indeed.com/viewjob?jk=0994212a3a573d86
ENVIRONMENTAL SCIENTIST,DEPARTMENT OF FISH AND WILDLIFE,"CA, US",likely,The Department UK Ltd,$4418–$9321/mo,not stated,2026-07-29,Indeed,https://www.indeed.com/viewjob?jk=9442171b209aa5c2
ENVIRONMENTAL SCIENTIST,DEPARTMENT OF FISH AND WILDLIFE,"CA, US",likely,The Department UK Ltd,$4418–$9321/mo,not stated,2026-07-29,Indeed,https://www.indeed.com/viewjob?jk=9f765e29f745c041
SENIOR ENVIRONMENTAL SCIENTIST (SUPERVISORY),Caltrans - CA Dept. of Transportation,"CA, US",likely,Dept UK Holding Ltd,$11k–$13k/mo,not stated,2026-07-29,Indeed,https://www.indeed.com/viewjob?jk=d85d89f0bc9ff381
ENVIRONMENTAL SCIENTIST,Caltrans,"Oakland, CA",not_found,,"$4,418.00/mo - $9,321.00/mo",not stated,2026-07-29,LinkedIn,https://www.linkedin.com/jobs/view/4446554228/
Environmental Health Safety Specialist,Partners Personnel,"Fairfield, CA",likely,Partners Group (UK) Ltd.,"$90,000.00/yr - $98,000.00/yr",not stated,2026-07-29,LinkedIn,https://www.linkedin.com/jobs/view/4446016248/
Environmental Assessment Officer,"NSW Department of Planning, Housing and Infrastructure","Harris Park, New South Wales, Australia",likely,Plan Limited,"$119,329 to $134,463",not stated,2026-07-29,LinkedIn,https://www.linkedin.com/jobs/view/4446533841/
Environmental Scientist/Water Quality Specialist,CK Associates,"Baton Rouge, Louisiana, United States",likely,Asso Ltd,,not stated,2026-07-28T03:00:00.000Z,HiringCafe,https://ckassociates.hrmdirect.com/employment/job-opening.php?req=3773427&req_loc=1409180
"Environmental Health Specialist I, II, III",County of Riverside,"Riverside County, CA",likely,Count LTD,"$63,546.87 - $98,363.36 Annually",not stated,2026-07-29,LinkedIn,https://www.linkedin.com/jobs/view/4445780750/
"Regional Inside Sales Account Manager - Eurofins Drinking Water and Wastewater West, LLC",Eurofins Environment Testing (USA),"Pomona, CA",likely,Test Incorporated Limited,"$71,000.00/yr - $82,000.00/yr",not stated,2026-07-28,LinkedIn,https://www.linkedin.com/jobs/view/4446501761/
Cybersecurity Risk Assessment Specialist,Booz Allen Hamilton,"Stennis Space Center, Mississippi, United States",likely,BOOZ ALLEN HAMILTON INTERNATIONAL (U.K.) LTD,$99k–$225k/yr,not stated,2026-07-28T12:00:00.000Z,HiringCafe,https://careers.boozallen.com/jobs/JobDetail/Stennis-Space-Center-Cybersecurity-Risk-Assessment-Specialist-R0245286/127898
Cybersecurity Risk Assessment Specialist,Bah,"Stennis Space Center, Mississippi, United States",not_found,,$99k–$225k/yr,not stated,2026-07-28T00:00:00.000Z,HiringCafe,https://bah.wd1.myworkdayjobs.com/bah_jobs/job/Stennis-Space-Center-MS/Cybersecurity-Risk-Assessment-Specialist_R0245286
Environmental Scientist III,Dewberry,Fairfax or Virginia Beach or Richmond,not_found,,$81k–$104k/yr,not stated,2026-07-28T04:00:00.000Z,HiringCafe,https://careers-dewberry.icims.com/jobs/16035/environmental-scientist-iii/job?in_iframe=1
Environmental Compliance Specialist,Luxfer Gas Cylinders,"Riverside, CA, US",confirmed,Luxfer Gas Cylinders Limited,$85k–$95k/yr,not stated,2026-07-28,Indeed,https://www.indeed.com/viewjob?jk=1574d4c1ec99fbcd
"Environmental Health Scientist 1, 2, Coordinator",State of Louisiana,"New Orleans, Louisiana, United States",not_found,,$36k–$64k/yr,not stated,2026-07-28T18:11:39.000Z,HiringCafe,https://www.governmentjobs.com/careers/louisiana/jobs/5427269
Interim Water Quality Program Specialist,California Water Service Group (CWSG),"Commerce, CA, US",likely,Vice UK Limited,$75k–$138k/yr,not stated,2026-07-28,Indeed,https://www.indeed.com/viewjob?jk=32e69a762d3e1e59
Environmental Scientist,Overview,"Alpharetta, Georgia, United States",confirmed,Overview Ltd,,not stated,2026-07-28T04:00:00.000Z,HiringCafe,https://careers-kimley-horn.icims.com/jobs/25548/environmental-scientist/job?hub=7&in_iframe=1
"Industrial Account Manager, Hazardous Waste",WM,"San Clemente, CA",not_found,,"$80,000.00/yr - $94,300.00/yr",not stated,2026-07-28,LinkedIn,https://www.linkedin.com/jobs/view/4429194036/
ENVIRONMENTAL SCIENTIST,DEPARTMENT OF FISH AND WILDLIFE,"CA, US",likely,The Department UK Ltd,$4418–$9321/mo,not stated,2026-07-28,Indeed,https://www.indeed.com/viewjob?jk=1b00a42b2dbdcb17
ENVIRONMENTAL SCIENTIST,DEPARTMENT OF FISH AND WILDLIFE,"CA, US",likely,The Department UK Ltd,$4418–$9321/mo,not stated,2026-07-28,Indeed,https://www.indeed.com/viewjob?jk=b07720bc9c9bfd3c
SENIOR ENVIRONMENTAL SCIENTIST (SUPERVISORY),DEPARTMENT OF FISH AND WILDLIFE,"CA, US",likely,The Department UK Ltd,$11k–$13k/mo,not stated,2026-07-28,Indeed,https://www.indeed.com/viewjob?jk=ee578c08dbdeb386
FIREFIGHTER (HAZARDOUS MATERIALS TECH-BASIC LIFE SUPPORT) (Title 5),Air National Guard Units,"Ellington AFB, Texas",not_found,,"Starting at $58,193 Per year (GS 7)",not stated,2026-07-25,USAJOBS,https://www.usajobs.gov/job/877961900
Environmental Project Manager - Remediation - 6 years min experience,AECOM,"Oakland, CA",confirmed,AECOM LIMITED,"$125,000.00/yr - $155,000.00/yr",not stated,2026-07-28,LinkedIn,https://www.linkedin.com/jobs/view/4443298778/
Environmental Project Manager - Remediation - 6 years min experience,AECOM,"San Francisco, CA",confirmed,AECOM LIMITED,"$125,000.00/yr - $155,000.00/yr",not stated,2026-07-28,LinkedIn,https://www.linkedin.com/jobs/view/4443297764/
Environmental Health Compliance Officer,Metro South Health,"South Brisbane, Queensland, Australia",not_found,,,not stated,2026-07-28,LinkedIn,https://www.linkedin.com/jobs/view/4442375931/
Senior Environmental Scientist,SWCA Environmental Consultants,"Scarborough, Maine, United States",likely,Consulta Limited,$93k–$121k/yr,not stated,2026-07-27T04:00:00.000Z,HiringCafe,https://careers-swca.icims.com/jobs/14785/senior-environmental-scientist/job?in_iframe=1
Senior Manager Financial Crime Compliance Risk Assessments,Commonwealth Bank of Australia,"Sydney, NSW, AU",confirmed,Commonwealth Bank of Australia,,not stated,2026-07-27,Indeed,https://au.indeed.com/viewjob?jk=ed39f405dac0f40e
Staff Environmental Scientist,Eisholding,West Columbia or Irmo or Orangeburg or Chapin or Newberry or Aiken or Columbia or Camden or Lexington,not_found,,$60k–$70k/yr,not stated,2026-07-27T05:00:00.000Z,HiringCafe,https://jobs.dayforcehcm.com/en-US/eisholding/candidateportal/jobs/117
Financial Crime Risk Oversight Specialist - US Risk Assessment (US),Td,Mount Laurel or New York City or Charlotte or Vienna,not_found,,$91k–$146k/yr,not stated,2026-07-27T00:00:00.000Z,HiringCafe,https://td.wd3.myworkdayjobs.com/td_bank_careers/job/Mount-Laurel-New-Jersey/Financial-Crime-Risk-Oversight-Specialist---US-Risk-Assessment--US-_R_1501895
Environmental Fate and Exposure Scientist,Syngenta Group,"Greensboro, North Carolina, United States",confirmed,Syngenta Limited,,not stated,2026-07-27T18:53:55.422Z,HiringCafe,https://jobs.smartrecruiters.com/SyngentaGroup/744000140073790-environmental-fate-and-exposure-scientist
Environmental Scientist/Human Health Risk Assessor,Jacobs,"Irvine, CA",confirmed,Jacobs Holding LLP,"$70,900.00/yr - $97,500.00/yr",not stated,2026-07-27,LinkedIn,https://www.linkedin.com/jobs/view/4446144683/
Environmental Scientist/Human Health Risk Assessor,Jacobs,"Sacramento, CA",confirmed,Jacobs Holding LLP,"$70,900.00/yr - $97,500.00/yr",not stated,2026-07-27,LinkedIn,https://www.linkedin.com/jobs/view/4446148078/
Water Quality Laboratory Program Manager,California Water Service Group (CWSG),"San Jose, CA, US",likely,Vice UK Limited,$102k–$189k/yr,not stated,2026-07-27,Indeed,https://www.indeed.com/viewjob?jk=d1225e67ac7c87a9
Environmental Health Officer / Technical Officer,Jobs in Council,"Ballarat, Victoria, Australia",not_found,,"$91,938 to $102,015 per annum",not stated,2026-07-27,LinkedIn,https://www.linkedin.com/jobs/view/4442890321/
SENIOR ENVIRONMENTAL SCIENTIST (SUPERVISORY),DEPARTMENT OF FISH AND WILDLIFE,"CA, US",likely,The Department UK Ltd,$11k–$13k/mo,not stated,2026-07-27,Indeed,https://www.indeed.com/viewjob?jk=3a09642f396c19f2
Lead Safety & Environmental Analyst,Peraton,"Fort Irwin, CA",not_found,,"$80,000 - $128,000",not stated,2026-07-27,LinkedIn,https://www.linkedin.com/jobs/view/4422033698/
Environmental Scientist / Watershed Scientist,Dudek,"California, United States",not_found,,"$110,000.00/yr - $140,000.00/yr",not stated,2026-07-27,LinkedIn,https://www.linkedin.com/jobs/view/4445159749/
"Senior Technical Specialist, AI Risk Assessment",Jobgether,Australia,not_found,,,not stated,2026-07-27,LinkedIn,https://www.linkedin.com/jobs/view/4445151808/
"Senior Vice President, Preclinical Toxicology",BioSpace,"Brisbane, CA",not_found,,$360K – $420K,not stated,2026-07-27,LinkedIn,https://www.linkedin.com/jobs/view/4445661754/
Coordinator Environmental Health,Hobsons Bay City Council,"Altona, Victoria, Australia",likely,Obso Ltd,"$123,558.69 to $138,163.90",not stated,2026-07-27,LinkedIn,https://www.linkedin.com/jobs/view/4444878054/
Water Pollution Control Operator III,Woodland,Sacramento/Metro Area,confirmed,Woodland Group Limited,"$7,452.95-$9,512.06 Monthly",not stated,,CalOpps,https://www.calopps.org/woodland/job-20759799
Environmental Scientist,Tetra Tech,"Pearl City, Hawaii, United States",confirmed,Tetra Tech Group Limited,$65k–$85k/yr,not stated,2026-07-09T22:26:54.882Z,HiringCafe,https://tetratech.referrals.selectminds.com/jobs/environmental-scientist-55576
ASSOCIATE TOXICOLOGIST,California Department of Pesticide Regulation,"CA, US",likely,The Department UK Ltd,$6942–$9799/mo,not stated,2026-07-25,Indeed,https://www.indeed.com/viewjob?jk=7b7b71ff70b7c34f
AIR POLLUTION SPECIALIST,State Air Resources Board,"CA, US",likely,AIR RESOURCES LIMITED,$5918–$11k/mo,not stated,2026-07-25,Indeed,https://www.indeed.com/viewjob?jk=63104d1b5a33e268
Air Quality & Noise Department Manager - Environmental Services (Multiple Locations),Burns & McDonnell,"Los Angeles, CA",likely,Burns & McDonnell Europe (UK) Limited,"$150,000.00-400,000.00",not stated,2026-07-25,LinkedIn,https://www.linkedin.com/jobs/view/4416579160/
Air Quality & Noise Department Manager - Environmental Services (Multiple Locations),Burns & McDonnell,"Brea, CA",likely,Burns & McDonnell Europe (UK) Limited,"$150,000.00-400,000.00",not stated,2026-07-25,LinkedIn,https://www.linkedin.com/jobs/view/4416586119/
Senior Remediation Geologist,WSP,"Oakland, CA, US",confirmed,WSP Group Limited,$74k–$130k/yr,not stated,2026-07-24,Indeed,https://www.indeed.com/viewjob?jk=9d1224d235c30128
Senior Remediation Geologist,WSP in the U.S.,"Oakland, CA",not_found,,"$74,200-$129,",not stated,2026-07-25,LinkedIn,https://www.linkedin.com/jobs/view/4445282931/
Integrated Watershed Management Business Class Lead for Water Resource Plan Formulation,HDR,"Ventura, CA",not_found,,"$160,000-$250,000",not stated,2026-07-25,LinkedIn,https://www.linkedin.com/jobs/view/4444636417/
Integrated Watershed Management Business Class Lead for Water Resource Plan Formulation,HDR,"Portland, OR",not_found,,"$160,000-$250,000",not stated,2026-07-25,LinkedIn,https://www.linkedin.com/jobs/view/4444621593/
Integrated Watershed Management Business Class Lead for Water Resource Plan Formulation,HDR,"Salem, OR",not_found,,"$160,000-$250,000",not stated,2026-07-25,LinkedIn,https://www.linkedin.com/jobs/view/4444634417/
Integrated Watershed Management Business Class Lead for Water Resource Plan Formulation,HDR,Greater Bend Area,not_found,,"$160,000-$250,000",not stated,2026-07-25,LinkedIn,https://www.linkedin.com/jobs/view/4444632471/
"Senior Vice President, Preclinical Toxicology",NURIX,"San Francisco, CA, US",not_found,,$360k–$420k/yr,not stated,2026-07-24,Indeed,https://www.indeed.com/viewjob?jk=3f0cba95e36a0704
Environmental Compliance Inspector I,Union Sanitary District,"Union City, CA, US",likely,SANITA UK LTD,$50–$61/hr,not stated,2026-07-24,Indeed,https://www.indeed.com/viewjob?jk=3b294ad419589b24
Senior Environmental Specialist,Ulteig,"Sacramento, CA, US",not_found,,$148k–$200k/yr,not stated,2026-07-24,Indeed,https://www.indeed.com/viewjob?jk=f72c978711dcf6f4
Environmental Scientist,Kikiktagruk Inupiat Corporation,"Portland, OR, US",not_found,,,not stated,2026-07-24,Indeed,https://www.indeed.com/viewjob?jk=19c5531de3d8dc21
Environmental Health Safety Specialist,"University of California, Davis","Davis, CA",not_found,,"$80,951.76/yr - $146,890.80/yr",not stated,2026-07-24,LinkedIn,https://www.linkedin.com/jobs/view/4444608654/
STAFF TOXICOLOGIST (SPECIALIST),Department Of Public Health,"CA, US",likely,The Department UK Ltd,$9200–$12k/mo,not stated,2026-07-24,Indeed,https://www.indeed.com/viewjob?jk=4deb4ee8816b7923
STAFF TOXICOLOGIST (SPECIALIST) JC-526136,California Department of Public Health,"Contra Costa County, CA",likely,The Department UK Ltd,"$9,200.00/mo - $11,852.00/mo",not stated,2026-07-24,LinkedIn,https://www.linkedin.com/jobs/view/4444388433/
Senior Construction Inspector - Water Resources,BKF Engineers,"Napa, CA",not_found,,"$120,640.00/yr - $156,000.00/yr",not stated,2026-07-24,LinkedIn,https://www.linkedin.com/jobs/view/4444373820/
Senior Construction Inspector - Water Resources,BKF Engineers,"Fairfield, CA",not_found,,"$120,640.00/yr - $156,000.00/yr",not stated,2026-07-24,LinkedIn,https://www.linkedin.com/jobs/view/4444374785/
Environmental Scientist,AECOM,"Arlington, Virginia, United States",confirmed,AECOM LIMITED,$60k–$80k/yr,not stated,2026-07-24T12:49:03.794Z,HiringCafe,https://jobs.smartrecruiters.com/AECOM2/744000139596359-environmental-scientist
Water Quality & Environmental Compliance Supervisor,West Basin Municipal Water District,"Carson, CA",likely,The West Group,"$138,534.00 - $190,484.00 Annually",not stated,,NEOGOV,https://www.governmentjobs.com/jobs/5422948-0/water-quality-environmental-compliance-supervisor
"Staff Research Associate 1 (9613C), Environmental Science, Policy, and Management #87591",University of California Berkeley,"Berkeley, CA, US",likely,THE BERK LTD,$30/hr,not stated,2026-07-23,Indeed,https://www.indeed.com/viewjob?jk=f0596f01daea85fe
Wastewater Quality Officer,East Gippsland Water,"Bairnsdale, VIC, AU",not_found,,,not stated,2026-07-24,Indeed,https://au.indeed.com/viewjob?jk=ab786aab1b96fbd9
Remediation Analyst,Downer Group,"North Ryde, NSW, AU",not_found,,,not stated,2026-07-24,Indeed,https://au.indeed.com/viewjob?jk=3eefbcc0e1001087
Senior Environmental Scientist - EIA,GHD,"Karratha, Western Australia, Australia",not_found,,,not stated,2026-07-23,LinkedIn,https://www.linkedin.com/jobs/view/4443830107/
Environmental Analyst (Administrative Services Analyst II),County of Riverside,"Riverside County, CA",likely,Count LTD,,not stated,2026-07-24,LinkedIn,https://www.linkedin.com/jobs/view/4444044240/
Environmental Science Senior I,San Diego Gas & Electric,"San Diego, CA",likely,GAS & ELEC LTD,"$103,500.00/yr - $163,500.00/yr",not stated,2026-07-23,LinkedIn,https://www.linkedin.com/jobs/view/4441562962/
ENVIRONMENTAL SCIENTIST,Caltrans,"San Diego, CA",not_found,,"$4,418.00/mo - $9,321.00/mo",not stated,2026-07-23,LinkedIn,https://www.linkedin.com/jobs/view/4444745446/
Environmental Health Safety Specialist,JT4,"California, United States",not_found,,"$78,500.00/yr - $109,500.00/yr",not stated,2026-07-23,LinkedIn,https://www.linkedin.com/jobs/view/4444020531/
"Associate, Cultural Resources and Tribal Relations, Environmental Compliance & Strategy",Invenergy,"Portland, OR",likely,Invenergy Services UK Limited,"$98,000.00 - $118,000.00 USD",not stated,2026-07-23,LinkedIn,https://www.linkedin.com/jobs/view/4444739404/
Principal Environmental Scientist,GFT.,"Owings Mills, Maryland, United States",not_found,,$140k–$170k/yr,not stated,2026-07-23T04:00:00.000Z,HiringCafe,https://careers-gannettfleming.icims.com/jobs/14446/principal-environmental-scientist/job?in_iframe=1
CLS Toxicology Supervisor,CLS Connect,"San Diego, CA",likely,ONNEC Group UK Limited,"$120,000.00/yr - $135,000.00/yr",not stated,2026-07-23,LinkedIn,https://www.linkedin.com/jobs/view/4444014724/
Environmental Health Safety Specialist,Piper Maddox,"Fresno County, CA",not_found,,$38.00/hr - $48.00/hr,not stated,2026-07-23,LinkedIn,https://www.linkedin.com/jobs/view/4444036193/
ENVIRONMENTAL SCIENTIST,STATE WATER RESOURCES CONTROL BOARD,"CA, US",likely,Ontro Ltd,$4418–$9321/mo,not stated,2026-07-23,Indeed,https://www.indeed.com/viewjob?jk=69f003f0d3f3ed50
ENVIRONMENTAL SCIENTIST,Caltrans - CA Dept. of Transportation,"CA, US",likely,Dept UK Holding Ltd,$4418–$9321/mo,not stated,2026-07-23,Indeed,https://www.indeed.com/viewjob?jk=8ad93f4e1af4aa73
ENVIRONMENTAL SCIENTIST,DEPARTMENT OF FISH AND WILDLIFE,"CA, US",likely,The Department UK Ltd,$4418–$9321/mo,not stated,2026-07-23,Indeed,https://www.indeed.com/viewjob?jk=5617dcdc64ffdd30
Environmental Specialist,Precision Castparts,"Garden Grove, CA",likely,Cision Group Limited,"$87,500 to $105,000",not stated,2026-07-23,LinkedIn,https://www.linkedin.com/jobs/view/4444710090/
Environmental Scientist,"City of El Paso, TX","El Paso, Texas, United States",likely,El Paso,$56k–$84k/yr,not stated,2026-07-22T15:57:08.000Z,HiringCafe,https://www.governmentjobs.com/careers/elpaso/jobs/5416779
Public Notice - Environmental Protection Specialist (Direct Hire),John F. Kennedy Space Center,"Kennedy Space Center, Florida",not_found,,"Starting at $107,228 Per year (GS 13)",not stated,2026-07-23,USAJOBS,https://www.usajobs.gov/job/877635100
Environmental Protection Specialist - DIRECT HIRE,Federal Highway Administration,"Boise, Idaho",not_found,,"Starting at $89,508 Per year (GS 12-13)",not stated,2026-07-22,USAJOBS,https://www.usajobs.gov/job/877623000
Environmental Protection Specialist (Open to both U.S. Citizens and Federal Employees),Maritime Administration,"Washington, District of Columbia",likely,Itim Limited,"Starting at $121,785 Per year (GS 13-14)",not stated,2026-07-22,USAJOBS,https://www.usajobs.gov/job/877612800
Clinical Laboratory Scientist - Toxicology,Veterans Health Administration,"Minneapolis, Minnesota",not_found,,"Starting at $70,879 Per year (GS 7-11)",not stated,2026-07-22,USAJOBS,https://www.usajobs.gov/job/877606000
SENIOR ENVIRONMENTAL SCIENTIST (SUPERVISORY),California Department of Pesticide Regulation,"CA, US",likely,The Department UK Ltd,$11k–$13k/mo,not stated,2026-07-23,Indeed,https://www.indeed.com/viewjob?jk=249caabde47ebed7
ENVIRONMENTAL SCIENTIST,Caltrans - CA Dept. of Transportation,"CA, US",likely,Dept UK Holding Ltd,$4418–$9321/mo,not stated,2026-07-23,Indeed,https://www.indeed.com/viewjob?jk=2b0133c5efdc6137
ENVIRONMENTAL SCIENTIST,DEPARTMENT OF FISH AND WILDLIFE,"CA, US",likely,The Department UK Ltd,$4418–$9321/mo,not stated,2026-07-23,Indeed,https://www.indeed.com/viewjob?jk=b334e0d57f4797a7
ENVIRONMENTAL SCIENTIST,DEPARTMENT OF FISH AND WILDLIFE,"CA, US",likely,The Department UK Ltd,$4418–$9321/mo,not stated,2026-07-23,Indeed,https://www.indeed.com/viewjob?jk=b5d1745e7610ea9a
ENVIRONMENTAL SCIENTIST,Department Of Food & Agriculture,"CA, US",likely,The Department UK Ltd,$4418–$9321/mo,not stated,2026-07-23,Indeed,https://www.indeed.com/viewjob?jk=84c133f4da0f81d0
AIR POLLUTION SPECIALIST,CA Environmental Protection Agency,"CA, US",likely,Agency Inc Ltd,$5918–$11k/mo,not stated,2026-07-23,Indeed,https://www.indeed.com/viewjob?jk=9df4b5ad49ff69b2
"Technical Lead - MDR, 510(k), DHF Remediation",HCLTech,"Orange, CA, US",not_found,,,not stated,2026-07-23,Indeed,https://www.indeed.com/viewjob?jk=998eb8ae62bc3a83
Senior Environmental Scientist - EIA,GHD,"Perth, WA, AU",not_found,,,not stated,2026-07-23,Indeed,https://au.indeed.com/viewjob?jk=a1edcce5a3db7289
Senior Environmental Scientist - Planning and Environmental Approvals,AECOM,"Melbourne, VIC, AU",confirmed,AECOM LIMITED,,not stated,2026-07-23,Indeed,https://au.indeed.com/viewjob?jk=2fe02d78d4e494c5
Environmental Scientist (JC-525780),Caltrans,"San Bernardino County, CA",not_found,,"$53,016.00/yr - $111,852.00/yr",not stated,2026-07-23,LinkedIn,https://www.linkedin.com/jobs/view/4443899106/
Environmental Scientist,Verdantas,"San Ramon, CA",not_found,,"$65,000.00/yr - $85,000.00/yr",not stated,2026-07-23,LinkedIn,https://www.linkedin.com/jobs/view/4444472572/
Environmental Scientist,Pondco,"Peachtree Corners, Georgia, United States",not_found,,,not stated,2026-07-22T04:00:00.000Z,HiringCafe,https://jobs.dayforcehcm.com/en-US/pondco/candidateportal/jobs/1799
Assistant Project Water Resources Scientist – Water Quality,SWCA Environmental Consultants,"Salt Lake City, Utah, United States",likely,Consulta Limited,$57k–$78k/yr,not stated,2026-07-22T04:00:00.000Z,HiringCafe,https://careers-swca.icims.com/jobs/14775/assistant-project-water-resources-scientist-%e2%80%93-water-quality/job?in_iframe=1
"Student Assistant, Environmental Compliance",Lawrence Berkeley National Laboratory,"San Francisco Bay Area, CA, US",likely,THE BERK LTD,$21–$50/hr,not stated,2026-07-22,Indeed,https://www.indeed.com/viewjob?jk=d8a3affba57a6db0
Construction Inspector - Water Resources,BKF Engineers,"Sonoma, CA",not_found,,"$120,640.00/yr - $156,000.00/yr",not stated,2026-07-22,LinkedIn,https://www.linkedin.com/jobs/view/4443427462/
Construction Inspector - Water Resources,BKF Engineers,"Santa Rosa, CA",not_found,,"$120,640.00/yr - $156,000.00/yr",not stated,2026-07-22,LinkedIn,https://www.linkedin.com/jobs/view/4443415532/
SENIOR ENVIRONMENTAL SCIENTIST (SPECIALIST),DEPARTMENT OF FISH AND WILDLIFE,"CA, US",likely,The Department UK Ltd,$7820–$11k/mo,not stated,2026-07-22,Indeed,https://www.indeed.com/viewjob?jk=bea1d28c3946388f
SENIOR ENVIRONMENTAL SCIENTIST (SUPERVISORY),DEPARTMENT OF FISH AND WILDLIFE,"CA, US",likely,The Department UK Ltd,$11k–$13k/mo,not stated,2026-07-22,Indeed,https://www.indeed.com/viewjob?jk=1b8fd0d3ecfe082f
MLT: Toxicology & Infectious Disease Lab,Monarch Diagnostics,"Irvine, CA",likely,STICS Limited,52K–72K a year,not stated,2026-07-22,GoogleJobs,https://www.learn4good.com/jobs/irvine/california/healthcare/5304947183/e/?utm_campaign=google_jobs_apply&utm_source=google_jobs_apply&utm_medium=organic
Environmental Science Specialist,US Department of War,"Los Angeles, CA",likely,The Department UK Ltd,,not stated,2026-07-22,GoogleJobs,https://salutemyjob.com/jobs/environmental-science-specialist-los-angeles-california/2887426496-2/?utm_campaign=google_jobs_apply&utm_source=google_jobs_apply&utm_medium=organic
Hazardous Materials Specialist I/II/III (Open & Promotional),San Mateo County,San Francisco/Peninsula,likely,Count LTD,"$7,959.47-$12,367.33 Monthly",not stated,,CalOpps,https://www.calopps.org/san-mateo-county/job-20761157
ENVIRONMENTAL SCIENTIST,Caltrans - CA Dept. of Transportation,"CA, US",likely,Dept UK Holding Ltd,$4418–$9321/mo,not stated,2026-07-22,Indeed,https://www.indeed.com/viewjob?jk=7042b84d52459b34
ENVIRONMENTAL SCIENTIST,DEPARTMENT OF FISH AND WILDLIFE,"CA, US",likely,The Department UK Ltd,$4418–$9321/mo,not stated,2026-07-22,Indeed,https://www.indeed.com/viewjob?jk=c535b97b01bfbb58
ENVIRONMENTAL SCIENTIST,DEPARTMENT OF FISH AND WILDLIFE,"CA, US",likely,The Department UK Ltd,$4418–$9321/mo,not stated,2026-07-22,Indeed,https://www.indeed.com/viewjob?jk=1327c4298af3c82f
SENIOR ENVIRONMENTAL SCIENTIST (SUPERVISORY),DEPARTMENT OF FISH AND WILDLIFE,"CA, US",likely,The Department UK Ltd,$11k–$13k/mo,not stated,2026-07-22,Indeed,https://www.indeed.com/viewjob?jk=decc64274c80190f
AIR POLLUTION SPECIALIST,State Air Resources Board,"CA, US",likely,AIR RESOURCES LIMITED,$5918–$11k/mo,not stated,2026-07-22,Indeed,https://www.indeed.com/viewjob?jk=0ab7fd0d7a965f3b
AIR POLLUTION SPECIALIST,State Air Resources Board,"CA, US",likely,AIR RESOURCES LIMITED,$5918–$11k/mo,not stated,2026-07-22,Indeed,https://www.indeed.com/viewjob?jk=d3274c7025450295
Environmental Remediation Area Manager,AECOM,"Sacramento, CA, US",confirmed,AECOM LIMITED,$150k–$190k/yr,not stated,2026-07-22,Indeed,https://www.indeed.com/viewjob?jk=ec60acc6926b10a4
Environmental Remediation Area Manager,AECOM,"Oakland, CA, US",confirmed,AECOM LIMITED,$150k–$190k/yr,not stated,2026-07-22,Indeed,https://www.indeed.com/viewjob?jk=054d396f1778fb71
Environmental Remediation Area Manager,AECOM,"San Diego, CA, US",confirmed,AECOM LIMITED,$150k–$190k/yr,not stated,2026-07-22,Indeed,https://www.indeed.com/viewjob?jk=463c6eb86ba59f4f
Environmental Remediation Area Manager,AECOM,"Orange, CA, US",confirmed,AECOM LIMITED,$150k–$190k/yr,not stated,2026-07-22,Indeed,https://www.indeed.com/viewjob?jk=9f311027656d053b
Environmental Remediation Area Manager,AECOM,"Long Beach, CA, US",confirmed,AECOM LIMITED,$150k–$190k/yr,not stated,2026-07-22,Indeed,https://www.indeed.com/viewjob?jk=1bdf4f9bef865d2e
ENVIRONMENTAL SCIENTIST,Schmidt Marine Technology Partners,"Kern County, CA",likely,Partners Group (UK) Ltd.,"$4,418.00 - $9,321.00 per Month",not stated,2026-07-22,LinkedIn,https://www.linkedin.com/jobs/view/4443934409/
Staff Air Pollution Specialist,California Air Resources Board,"California, United States",likely,AIR RESOURCES LIMITED,"$10,521.00/mo - $13,173.00/mo",not stated,2026-07-21,LinkedIn,https://www.linkedin.com/jobs/view/4443516430/
Environmental Scientist ,CRI Advantage,"Idaho Falls, Idaho, United States",not_found,,$135k–$270k/yr,not stated,2026-07-21T00:00:00.000Z,HiringCafe,https://criadvantage.isolvedhire.com/jobs/1825665
Genetic Toxicologist Expert,Brs,United States,not_found,,,not stated,2026-07-21T05:00:00.000Z,HiringCafe,https://jobs.dayforcehcm.com/en-US/brs/tsscandidateportal/jobs/32753
"Mid-to Senior-level Scientist, Ecological Risk Assessment and Ecotoxicology",Integral Consulting Inc.,United States,not_found,,$65k–$115k/yr,not stated,2026-07-21T18:25:00.000Z,HiringCafe,https://recruiting.paylocity.com/Recruiting/Jobs/Details/4339453
Water Quality Regional Manager (Natural Resource Protection and Sustainability Manager 2),DEPARTMENT OF ENVIRONMENTAL QUALITY,"Bend, OR, US",likely,The Department UK Ltd,$7537–$12k/mo,not stated,2026-07-21,Indeed,https://www.indeed.com/viewjob?jk=465a0a2589bd4fa4
Water Quality Regional Manager (Natural Resource Protection and Sustainability Manager 2),State of Oregon,"Salem, OR",not_found,,"$7,537.00/mo - $11,657.00/mo",not stated,2026-07-21,LinkedIn,https://www.linkedin.com/jobs/view/4443702100/
Associate Environmental Scientist,True-environmental,"Florham Park, New Jersey, United States",not_found,,,not stated,2026-07-21T17:18:57.933Z,HiringCafe,https://jobs.lever.co/true-environmental/96d4fbd4-2b46-4ade-a626-c1ed7f01b842
Environmental Health Safety Specialist,American Lithium Energy (ALE),San Diego Metropolitan Area,not_found,,,not stated,2026-07-21,LinkedIn,https://www.linkedin.com/jobs/view/4442911349/
Senior Sediment Remediation Specialist (multiple locations),LimnoTech,"Los Angeles, CA, US",not_found,,$110k–$200k/yr,not stated,2026-07-21,Indeed,https://www.indeed.com/viewjob?jk=99f35e2170639437
Senior Water Resources Project Manager,Brown and Caldwell,"Portland, OR",likely,N-and Group LTD,"$117,000 - $159,000",not stated,2026-07-21,LinkedIn,https://www.linkedin.com/jobs/view/4442695790/
SENIOR ENVIRONMENTAL SCIENTIST (SUPERVISORY),Department of Fish and Wildlife,"Orange, CA",likely,The Department UK Ltd,"10,854–13,493 a month",not stated,2026-07-21,GoogleJobs,"https://www.glassdoor.com/job-listing/senior-environmental-scientist-supervisory-oregon-department-of-fish-and-wildlife-JV_IC1146843_KO0,42_KE43,81.htm?jl=1010205879757&utm_campaign=google_jobs_apply&utm_source=google_jobs_apply&utm_medium=organic"
Environmental Health Specialist,Forensic Analytical Consulting Services,"Portland, OR, US",likely,ING Services Limited,$22–$25/hr,not stated,2026-07-21,Indeed,https://www.indeed.com/viewjob?jk=dc2023425a592686
Senior Hazardous Materials Consultant,Aytrium,Greater Sydney Area,not_found,,,not stated,2026-07-21,LinkedIn,https://www.linkedin.com/jobs/view/4442687597/
Computational Toxicologist Drug Discovery & Liver Safety,Axiom,"San Francisco, CA",likely,Axiom Brighton Limited T/A Nostos,140K–200K a year,not stated,2026-07-21,GoogleJobs,https://www.learn4good.com/jobs/san-francisco/california/software_development/5303475185/e/?utm_campaign=google_jobs_apply&utm_source=google_jobs_apply&utm_medium=organic
AIR POLLUTION SPECIALIST,State Air Resources Board,"CA, US",likely,AIR RESOURCES LIMITED,$5918–$11k/mo,not stated,2026-07-21,Indeed,https://www.indeed.com/viewjob?jk=61a8efcfd6878995
SENIOR ENVIRONMENTAL SCIENTIST (SUPERVISORY),DEPARTMENT OF FISH AND WILDLIFE,"CA, US",likely,The Department UK Ltd,$11k–$13k/mo,not stated,2026-07-21,Indeed,https://www.indeed.com/viewjob?jk=4cd3d3f390df6999
Sr Environmental Coordinator - Air Quality,BHE Renewables,"Calipatria, CA",likely,Newable UK Holdings Ltd,"$88,800.00/yr - $133,200.00/yr",not stated,2026-07-21,LinkedIn,https://www.linkedin.com/jobs/view/4443541226/
"Head of Toxicology, Small Molecules",Kelly Services,"Thousand Oaks, CA",likely,Vice UK Limited,280K a year,not stated,2026-07-21,GoogleJobs,https://www.mykelly.com/job/10217755-head-of-toxicology-small-molecules-thousand-oaks-ca-united-states/?utm_campaign=google_jobs_apply&utm_source=google_jobs_apply&utm_medium=organic
"Director, Toxicology — Nonclinical Strategy & Safety Lead","Evommune, Inc.","Palo Alto, CA",not_found,,226K–280K a year,not stated,2026-07-21,GoogleJobs,https://www.learn4good.com/jobs/palo-alto/california/research_and_development/5303212336/e/?utm_campaign=google_jobs_apply&utm_source=google_jobs_apply&utm_medium=organic
Environmental Specialist,FlatironDragados,"San Diego, CA",likely,Ondra LLP,,not stated,2026-07-21,GoogleJobs,https://www.linkedin.com/jobs/view/environmental-specialist-at-flatirondragados-4442781591?utm_campaign=google_jobs_apply&utm_source=google_jobs_apply&utm_medium=organic
Nurse Practitioner PRN - Health Risk Assessments,Hueman People Solutions,"South San Francisco, CA",likely,THE PEOPLE GROUP LIMITED,,not stated,2026-07-21,GoogleJobs,https://www.jobilize.com/job/us-ca-south-san-francisco-nurse-practitioner-prn-health-risk-assessments?utm_campaign=google_jobs_apply&utm_source=google_jobs_apply&utm_medium=organic
On-site Environmental Compliance Leader,Hims & Hers,"Menlo Park, CA",not_found,,120K–160K a year,not stated,2026-07-21,GoogleJobs,https://www.jobleads.com/us/job/on-site-environmental-compliance-leader--menlo-park--e46e14fe8f985071497427ff96f6afa26?utm_campaign=google_jobs_apply&utm_source=google_jobs_apply&utm_medium=organic
Superintendent of Water Treatment/Distribution/Systems Water Quality (System Water Quality),East Bay Municipal Utility District,"Oakland, CA",not_found,,"$191,664.00 - $221,892.00 Annually",not stated,,NEOGOV,https://www.governmentjobs.com/jobs/5381810-0/superintendent-of-water-treatment-distribution-systems-water-quality-system-wate
Supervisory Environmental Scientist,National Oceanic and Atmospheric Administration,"Silver Spring, Maryland",not_found,,"Starting at $169,279 Per year (ZP 5)",not stated,2026-07-21,USAJOBS,https://www.usajobs.gov/job/877179500
Senior Environmental Scientist,Rippling,"Brisbane, QLD, AU",confirmed,Rippling UK Limited,,not stated,2026-07-21,Indeed,https://au.indeed.com/viewjob?jk=0bf8c096d5a8bdc4
Environmental Specialist I,Veolia,"Hillsboro, OR",likely,Veolia ES (UK) Ltd,,not stated,2026-07-21,LinkedIn,https://www.linkedin.com/jobs/view/4443515332/
Senior Environmental Scientist,EHS Support,"Brisbane, Queensland, Australia",likely,The Support Group (UK) Limited,,not stated,2026-07-21,LinkedIn,https://www.linkedin.com/jobs/view/4443089602/
Senior Air Quality Consultant,ERM,"Brisbane, Queensland, Australia",not_found,,,not stated,2026-07-21,LinkedIn,https://www.linkedin.com/jobs/view/4443071861/
Principal Toxicologist,"Altria Client Services, LLC.","Richmond, Virginia, United States",likely,Vice UK Limited,$120k–$173k/yr,not stated,2026-07-20T21:25:36.966Z,HiringCafe,https://careers.altria.com/job/Principal-Toxicologist/1410720700/
"Clinical Chemist & Toxicologist, COM Pathology & Laboratory Medicine",University of Cincinnati,"Cincinnati, Ohio, United States",not_found,,,not stated,2026-07-20T00:00:00.000Z,HiringCafe,https://jobs.uc.edu/job/Cincinnati-Clinical-Chemist-&-Toxicologist%2C-COM-Pathology-&-Laboratory-Medicine-OH-45221/1410747300/
Environmental Scientist II,Spire Inc.,Birmingham or Mobile or Pelham or Montgomery,likely,"APEX JEWELLERS LTD T/A ASPIRE, DIAMOND HEAVEN AND DIAMOND QUARTER",,not stated,2026-07-20T00:00:00.000Z,HiringCafe,https://jobs.spireenergy.com/job/Birmingham-Environmental-Scientist-II-AL-35203/1410715300/
On-Call Environmental Health Scientist (REMOTE ROLE),Icf,Reston or Durham or United States,not_found,,$56k–$95k/yr,not stated,2026-07-20T00:00:00.000Z,HiringCafe,https://icf.wd5.myworkdayjobs.com/icfexternal_career_site/job/Reston-VA/On-Call-Environmental-Health-Scientist--REMOTE-ROLE-_R2602456
Environmental Scientist 2,HDR,"Bellevue, Washington, United States",not_found,,,not stated,2026-07-20T21:00:46.869Z,HiringCafe,https://hdr.referrals.selectminds.com/jobs/environmental-scientist-2-44574
Source Water Quality Scientist I - Temp Invitation Only,City of Loveland,"Loveland, Colorado, United States",not_found,,$67k–$94k/yr,not stated,2026-07-20T16:32:51.457Z,HiringCafe,https://recruiting2.ultipro.com/cit1029clo/JobBoard/1a9f4e7d-ecfd-4986-bc53-146c0831d8b3/OpportunityDetail?opportunityId=efbf91d9-2d9c-46fe-bb17-9392926b098b
ENVIRONMENTAL SCIENTIST,Department of Pesticide Regulation,"Orange, CA",likely,The Department UK Ltd,"4,418–9,321 a month",not stated,2026-07-20,GoogleJobs,https://www.simplyhired.com/job/wJhAPhZuOm-qjyRMjyvllblbwkFUnanaQVRlFoqqBxwXmWZSzQ-sNA?utm_campaign=google_jobs_apply&utm_source=google_jobs_apply&utm_medium=organic
Senior Environmental Scientist — Stormwater & SWPPP,Verdantas-1,"Riverside, CA",not_found,,65K–85K a year,not stated,2026-07-20,GoogleJobs,https://www.learn4good.com/jobs/riverside/california/science/5300317635/e/?utm_campaign=google_jobs_apply&utm_source=google_jobs_apply&utm_medium=organic
Sr. Environmental Analyst,PacifiCorp,"Sherwood, OR",not_found,,,not stated,2026-07-20,GoogleJobs,https://jobmesh.io/job/3bb72a7d-02a0-4039-b7ae-cac083205101?utm_campaign=google_jobs_apply&utm_source=google_jobs_apply&utm_medium=organic
Environmental Scientist,GSI Environmental Inc.,"Emeryville, CA",not_found,,,not stated,2026-07-20,GoogleJobs,https://www.linkedin.com/jobs/view/environmental-scientist-at-gsi-environmental-inc-4442215961?utm_campaign=google_jobs_apply&utm_source=google_jobs_apply&utm_medium=organic
Entry-Level Environmental Scientist: NEPA & Field Data,LAUKOA,"San Diego, CA",not_found,,55K–75K a year,not stated,2026-07-20,GoogleJobs,https://www.learn4good.com/jobs/san-diego/california/science/5300297776/e/?utm_campaign=google_jobs_apply&utm_source=google_jobs_apply&utm_medium=organic
Senior Environmental Specialist,FlatironDragados,"Los Angeles, CA",likely,Ondra LLP,,not stated,2026-07-20,GoogleJobs,https://www.linkedin.com/jobs/view/senior-environmental-specialist-at-flatirondragados-4442781592?utm_campaign=google_jobs_apply&utm_source=google_jobs_apply&utm_medium=organic
Environmental Analyst (Permitting & Compliance),Mainspring Energy,"Menlo Park, CA",not_found,,86K–122K a year,not stated,2026-07-20,GoogleJobs,https://www.linkedin.com/jobs/view/environmental-analyst-permitting-compliance-at-mainspring-energy-4442201362?utm_campaign=google_jobs_apply&utm_source=google_jobs_apply&utm_medium=organic
ENVIRONMENTAL SCIENTIST,California Department of Pesticide Regulation,"CA, US",likely,The Department UK Ltd,$4418–$9321/mo,not stated,2026-07-20,Indeed,https://www.indeed.com/viewjob?jk=7f3232ed5c315fd3
ENVIRONMENTAL SCIENTIST,Department of Resources Recycling & Recovery,"CA, US",likely,Ecover UK Limited,$4418–$9321/mo,not stated,2026-07-20,Indeed,https://www.indeed.com/viewjob?jk=56fbd84ca7421559
Environmental Scientist,aptim,"Salem, OR, US",likely,Adaptimmune Limited,$80k–$85k/yr,not stated,2026-07-20,Indeed,https://www.indeed.com/viewjob?jk=93e56327a5ab734c
Environmental Specialist,Triumvirate Environmental,"San Francisco, CA",not_found,,$28 USD - $28 USD,not stated,2026-07-20,LinkedIn,https://www.linkedin.com/jobs/view/4442791491/
Environmental Specialist,Triumvirate Environmental,"San Leandro, CA",not_found,,$28 USD - $28 USD,not stated,2026-07-20,LinkedIn,https://www.linkedin.com/jobs/view/4442778941/
Senior Environmental Scientist — Stormwater & SWPPP,Verdantas-1,"Santa Ana, CA",not_found,,65K–85K a year,not stated,2026-07-20,GoogleJobs,https://www.learn4good.com/jobs/santa-ana/california/science/5300298938/e/?utm_campaign=google_jobs_apply&utm_source=google_jobs_apply&utm_medium=organic
Senior Environmental Scientist — Stormwater & SWPPP,Verdantas-1,"Long Beach, CA",not_found,,65K–85K a year,not stated,2026-07-20,GoogleJobs,https://www.learn4good.com/jobs/long-beach/california/science/5300265302/e/?utm_campaign=google_jobs_apply&utm_source=google_jobs_apply&utm_medium=organic
"Environmental Scientist at Department of Fish and Wildlife Yolo County, CA",Department of Fish and Wildlife,"Yolo County, CA",likely,The Department UK Ltd,"4,269 a month",not stated,2026-07-20,GoogleJobs,https://d309lionsconvention.lionsclubs.org.sg/apply/job/environmental-scientist-at-department-of-fish-and-wildlife-yolo-county-ca-c01VYTM3QktpV09vZTJMSndtd283OHdFc3c9PQ==?utm_campaign=google_jobs_apply&utm_source=google_jobs_apply&utm_medium=organic
Environmental Scientist,CalRecycle,"Los Angeles, CA",not_found,,"$4,418.00/mo - $9,321.00/mo",not stated,2026-07-20,LinkedIn,https://www.linkedin.com/jobs/view/4442768824/
Risk Assessment Analyst - Youth AI Safety Institute,Redwood AR,"San Francisco, CA",likely,Wood Group UK Limited,,not stated,2026-07-20,GoogleJobs,https://www.linkedin.com/jobs/view/risk-assessment-analyst-youth-ai-safety-institute-at-redwood-ar-4442588045?utm_campaign=google_jobs_apply&utm_source=google_jobs_apply&utm_medium=organic
Entry-Level Environmental Scientist: NEPA & Field Data,LAUKOA,"San Jose, CA",not_found,,55K–75K a year,not stated,2026-07-20,GoogleJobs,https://www.learn4good.com/jobs/san-jose/california/science/5300298231/e/?utm_campaign=google_jobs_apply&utm_source=google_jobs_apply&utm_medium=organic
Entry-Level Environmental Scientist: NEPA & Field Data,LAUKOA,"Los Angeles, CA",not_found,,55K–75K a year,not stated,2026-07-20,GoogleJobs,https://www.learn4good.com/jobs/los-angeles/california/science/5300257536/e/?utm_campaign=google_jobs_apply&utm_source=google_jobs_apply&utm_medium=organic
Lead Civil & Environmental Remediation Consultant,ERM,"Portland, OR",not_found,,103K–133K a year,not stated,2026-07-20,GoogleJobs,https://www.jobleads.com/us/job/lead-civil-environmental-remediation-consultant--portland--e350407b3ec7788ae19c3156f0e4bc055?utm_campaign=google_jobs_apply&utm_source=google_jobs_apply&utm_medium=organic
Environmental Health Specialist I,County of Sonoma (CA),"Santa Rosa, CA",likely,Count LTD,"$96,111.88 - $116,836.98 Annually",not stated,2026-07-20,NEOGOV,https://www.governmentjobs.com/jobs/5404181-0/environmental-health-specialist-i
Environmental Health Specialist II,County of Sonoma (CA),"Santa Rosa, CA",likely,Count LTD,"$103,938.58 - $126,333.37 Annually",not stated,2026-07-20,NEOGOV,https://www.governmentjobs.com/jobs/5404187-0/environmental-health-specialist-ii
Environmental Health Specialist-In Training,Kern County,"Bakersfield, CA",likely,Count LTD,"$4,701.62 - $5,618.88 Monthly",not stated,,NEOGOV,https://www.governmentjobs.com/jobs/5413929-0/environmental-health-specialist-in-training
Air Quality Specialist I for the Feather River Air Quality Management District,Regional Government Services,"Yuba City, CA",likely,Vice UK Limited,"$67,056.00 - $85,584.00 Annually",not stated,,NEOGOV,https://www.governmentjobs.com/jobs/5410101-0/air-quality-specialist-i-for-the-feather-river-air-quality-management-district
Environmental Protection Specialist,Bureau of Prisons/Federal Prison System,"Texarkana, Texas",likely,System ltd,"Starting at $74,678 Per year (GS 11)",not stated,2026-07-20,USAJOBS,https://www.usajobs.gov/job/877134900
Environmental Scientist,aptim,"Irvine, CA, US",likely,Adaptimmune Limited,$90k–$100k/yr,not stated,2026-07-20,Indeed,https://www.indeed.com/viewjob?jk=a2cc175edd9b5909
"Scientist I, Eurofins Drinking Water and Wastewater West, West Sacramento, CA",Eurofins Environment Testing (USA),"West Sacramento, CA",likely,Test Incorporated Limited,$22.20/hr - $27.00/hr,not stated,2026-07-20,LinkedIn,https://www.linkedin.com/jobs/view/4442724986/
Medical Toxicology Physician Assistant,DirectShifts,"Novato, CA",not_found,,,not stated,2026-07-20,GoogleJobs,https://jobmesh.io/job/e0b706fd-ae66-4d62-9fd8-4549b2d105de?utm_campaign=google_jobs_apply&utm_source=google_jobs_apply&utm_medium=organic
ENVIRONMENTAL SCIENTIST,Department of Resources Recycling & Recovery,"CA, US",likely,Ecover UK Limited,$4418–$9321/mo,not stated,2026-07-19,Indeed,https://www.indeed.com/viewjob?jk=599d7b2a61503166
Environmental Protection Specialist,Veterans Health Administration,"Battle Creek, Michigan",not_found,,"Starting at $74,678 Per year (GS 11)",not stated,2026-07-17,USAJOBS,https://www.usajobs.gov/job/876835500
ENVIRONMENTAL PROTECTION SPECIALIST,"Commander, Navy Installations Command","San Clemente Naval Reserve Island, California",not_found,,"Starting at $71,957 Per year (GS 9-11)",not stated,2026-07-17,USAJOBS,https://www.usajobs.gov/job/876808800
Supervisory Environmental Protection Specialist  - DIRECT HIRE,Federal Transit Administration,"Washington, District of Columbia",not_found,,"Starting at $169,279 Per year (GS 15)",not stated,2026-07-14,USAJOBS,https://www.usajobs.gov/job/876492900
Project Architect (Water Quality and R&D Labs),Jacobs,"Los Angeles, CA",confirmed,Jacobs Holding LLP,"$143,000.00/yr - $184,900.00/yr",not stated,2026-07-18,LinkedIn,https://www.linkedin.com/jobs/view/4414298138/
"Environmental Scientist - Contaminated Land, Brisbane",Tetra Tech Coffey,"Brisbane, Queensland, Australia",likely,A-TEC LIMITED,,not stated,2026-07-17,LinkedIn,https://www.linkedin.com/jobs/view/4441176361/
SENIOR RISK ASSESSMENT ANALYST,University of California Office of the President,"Oakland, California, United States",likely,Office Holdings Limited,$160k–$184k/yr,not stated,2026-07-17T12:00:00.000Z,HiringCafe,https://careerspub.universityofcalifornia.edu/psc/ucsc/EMPLOYEE/HRMS/c/HRS_HRAM_FL.HRS_CG_SEARCH_FL.GBL?Page=HRS_APP_JBPST_FL&Action=U&FOCUS=Applicant&JobOpeningId=86945&PostingSeq=1&SiteId=5
Environmental Protection Specialist,U.S. Department of Veterans Affairs,"Palo Alto, CA",likely,The Department UK Ltd,"$63,081.00/yr - $121,371.00/yr",not stated,2026-07-18,LinkedIn,https://www.linkedin.com/jobs/view/4442420700/
Environmental Scientist/Geoscientist,GHD,"Sacramento, CA",not_found,,"$67,500-$116,000",not stated,2026-07-18,LinkedIn,https://www.linkedin.com/jobs/view/4441396586/
Environmental Scientist/Geoscientist,GHD,"Roseville, CA",not_found,,"$67,500-$116,000",not stated,2026-07-18,LinkedIn,https://www.linkedin.com/jobs/view/4441706099/
Environmental Scientist/Geoscientist,GHD,"Concord, CA",not_found,,"$67,500-$116,000",not stated,2026-07-18,LinkedIn,https://www.linkedin.com/jobs/view/4441388901/
"Director, Toxicology","Evommune, Inc.","Palo Alto, California, United States",not_found,,$226k–$280k/yr,not stated,2026-07-17T20:17:49.960Z,HiringCafe,https://ats.rippling.com/evommune/jobs/e58c6c43-04ef-469d-aa29-6da8ada04962
"As-Needed Environmental Compliance Monitor and Designated Biologist for SJKF, CTS, and CRLF - Merced County",Dudek,"Merced, CA",not_found,,$42–$52/hr,not stated,2026-07-17,LinkedIn,https://www.linkedin.com/jobs/view/4442403119/
"Director, Toxicology",Rippling,"Palo Alto, CA, US",confirmed,Rippling UK Limited,$226k–$280k/yr,not stated,2026-07-17,Indeed,https://www.indeed.com/viewjob?jk=7b9e67594a2be4a5
Water Resources EIT,HDR,"Portland, OR",not_found,,,not stated,2026-07-17,LinkedIn,https://www.linkedin.com/jobs/view/4441348137/
Water Resources EIT,HDR,"Bend, OR",not_found,,,not stated,2026-07-17,LinkedIn,https://www.linkedin.com/jobs/view/4441330302/
Environmental Scientist,Omega Technical Services,"Idaho Falls, Idaho, United States",likely,A-TEC LIMITED,$150k–$190k/yr,not stated,2026-07-17T15:31:34.000Z,HiringCafe,https://omegatechserv.career.page/jobs/1292?lang=en-us
Risk Assessment Specialist,Department of Defense,"Bethesda, Maryland, United States",likely,The Department UK Ltd,$102k–$133k/yr,not stated,2026-07-17T00:00:00.000Z,HiringCafe,https://www.usajobs.gov/job/876649400
SENIOR ENVIRONMENTAL SCIENTIST (SPECIALIST),Department Of Forestry & Fire Protection,"CA, US",likely,Prot Ltd,$7820–$11k/mo,not stated,2026-07-17,Indeed,https://www.indeed.com/viewjob?jk=813d29fd11bd8101
Department of Earth & Environmental Sciences Lecturer Pool 2026-2027,San Diego State University,San Diego Metropolitan Area,not_found,,"$5,507 - $6,677",not stated,2026-07-17,LinkedIn,https://www.linkedin.com/jobs/view/4404465771/
Environmental Health Safety Specialist,SPECTRAFORCE,"Palmdale, CA",not_found,,$65.00/hr - $65.00/hr,not stated,2026-07-17,LinkedIn,https://www.linkedin.com/jobs/view/4442116274/
"Early-Career Environmental Scientist - Contaminated Land, Brisbane",Tetra Tech,"Brisbane, Queensland, Australia",confirmed,Tetra Tech Group Limited,,not stated,2026-07-17,LinkedIn,https://www.linkedin.com/jobs/view/4441997768/
Environmental Scientist,Penncolor,"Pittsburgh, Pennsylvania, United States",likely,Pennco Limited,,not stated,2026-07-16T00:00:00.000Z,HiringCafe,https://penncolor.wd5.myworkdayjobs.com/penn-environmental-remediation/job/Pittsburgh-PA/Environmental-Scientist_JR-821
Environmental Scientist,Stantec,"Riverview, Florida, United States",confirmed,Stantec UK Ltd,,not stated,2026-07-13T20:04:41.000Z,HiringCafe,https://stantec.jobs/riverview-fl/environmental-scientist/4B33CC5266A84B19A8E7D4C3E02A9B5E/job/
Entry to Mid-Level Environmental Analyst,Acorn Environmental,Greater Sacramento,not_found,,"$55,000 to $80,000",not stated,2026-07-17,LinkedIn,https://www.linkedin.com/jobs/view/4441141807/
Environmental Scientist,Kimley-Horn,"West Lafayette, Indiana, United States",not_found,,,not stated,2026-07-16T04:00:00.000Z,HiringCafe,https://careers-kimley-horn.icims.com/jobs/25291/environmental-scientist/job?hub=7&in_iframe=1
Environmental Health Safety Specialist,Apera,"California, United States",likely,Apera Asset Management LLP,$100K–$160K,not stated,2026-07-17,LinkedIn,https://www.linkedin.com/jobs/view/4438759738/
Environmental Health Officer,City of Moreton Bay,Greater Brisbane Area,not_found,,"$87,000.00/yr - A$110,000.00/yr",not stated,2026-07-17,LinkedIn,https://www.linkedin.com/jobs/view/4441125596/
Senior Environmental Scientist,California Board of Forestry & Fire Protection,"California, United States",likely,Prot Ltd,,not stated,2026-07-16,LinkedIn,https://www.linkedin.com/jobs/view/4441118356/
Environmental Scientist,"TRC Companies, Inc.","Houston, Texas, United States",confirmed,TRC Companies Limited,$55k–$60k/yr,not stated,2026-07-16T12:35:16.000Z,HiringCafe,https://careers.trccompanies.com/jobs/26283?lang=en-us
Principal Geologist - Environmental Assessment and Remediation,Geosyntec Consultants,"Fresno, CA",confirmed,Geosyntec Consultants Ltd,"$135,070/year - $189,100/year",not stated,2026-07-16,LinkedIn,https://www.linkedin.com/jobs/view/4440795550/
Project Manager – Stormwater and Water Resources,Geosyntec Consultants,"Costa Mesa, CA",confirmed,Geosyntec Consultants Ltd,"$112,260/year - $145,940/year",not stated,2026-07-16,LinkedIn,https://www.linkedin.com/jobs/view/4441104081/
Environmental Specialist,Triumvirate Environmental,"San Fernando, CA",not_found,,$24 USD - $24 USD,not stated,2026-07-16,LinkedIn,https://www.linkedin.com/jobs/view/4441635725/
SENIOR ENVIRONMENTAL SCIENTIST (SPECIALIST),Department of Resources Recycling & Recovery,"CA, US",likely,Ecover UK Limited,$7820–$11k/mo,not stated,2026-07-16,Indeed,https://www.indeed.com/viewjob?jk=0f2ed60b9ab695b0
Environmental Scientist (JC-524146),Caltrans,"San Luis Obispo County, CA",not_found,,"$53,016.00/yr - $111,852.00/yr",not stated,2026-07-16,LinkedIn,https://www.linkedin.com/jobs/view/4440785146/
ENVIRONMENTAL SCIENTIST I,Ri,"Providence, Rhode Island, United States",not_found,,$73k–$82k/yr,not stated,2026-07-16T00:00:00.000Z,HiringCafe,https://ri.wd5.myworkdayjobs.com/ri/job/235-Promenade-St/ENVIRONMENTAL-SCIENTIST-I_JR103447
SENIOR ENVIRONMENTAL SCIENTIST (SPECIALIST),DEPARTMENT OF FISH AND WILDLIFE,"CA, US",likely,The Department UK Ltd,$7820–$11k/mo,not stated,2026-07-16,Indeed,https://www.indeed.com/viewjob?jk=376b7f437f820801
Qualified SWPPP Developer (QSD) / Senior Environmental Compliance Specialist,BKF Engineers,"Santa Rosa, CA, US",not_found,,$100k–$145k/yr,not stated,2026-07-16,Indeed,https://www.indeed.com/viewjob?jk=798f147128054b60
Qualified SWPPP Developer (QSD) / Senior Environmental Compliance Specialist,BKF Engineers,"Walnut Creek, CA, US",not_found,,$100k–$145k/yr,not stated,2026-07-16,Indeed,https://www.indeed.com/viewjob?jk=8d4796f4dd239081
Qualified SWPPP Developer (QSD) / Senior Environmental Compliance Specialist,BKF Engineers,"Pleasanton, CA, US",not_found,,$100k–$145k/yr,not stated,2026-07-16,Indeed,https://www.indeed.com/viewjob?jk=642dee9b77211bb7
Qualified SWPPP Developer (QSD) / Senior Environmental Compliance Specialist,BKF Engineers,"San Francisco, CA, US",not_found,,$100k–$145k/yr,not stated,2026-07-16,Indeed,https://www.indeed.com/viewjob?jk=8d0e55e9d0202741
Qualified SWPPP Developer (QSD) / Senior Environmental Compliance Specialist,BKF Engineers,"San Jose, CA, US",not_found,,$100k–$145k/yr,not stated,2026-07-16,Indeed,https://www.indeed.com/viewjob?jk=e992e41b8987c0ad
Qualified SWPPP Developer (QSD) / Senior Environmental Compliance Specialist,BKF Engineers,"Redwood City, CA, US",not_found,,$100k–$145k/yr,not stated,2026-07-16,Indeed,https://www.indeed.com/viewjob?jk=3edb3a8e3938b0c3
Water Quality Environmental Scientist (Mid-Level) ,Environmental Science Associates,Orlando or Tampa,likely,Asso Ltd,,not stated,2026-07-15T19:39:21.000Z,HiringCafe,https://job-boards.greenhouse.io/environmentalscienceassociates/jobs/5225861008
Water Quality Environmental Scientist (Junior-Level),Environmental Science Associates,Orlando or Tampa,likely,Asso Ltd,,not stated,2026-07-15T19:39:25.000Z,HiringCafe,https://job-boards.greenhouse.io/environmentalscienceassociates/jobs/5225852008
Senior Toxicologist,Yagroup,United States,likely,Yagro Ltd,,not stated,2026-07-15T04:00:00.000Z,HiringCafe,https://jobs.dayforcehcm.com/en-US/yagroup/candidateportal/jobs/1286
"Academic Medical Toxicology Opportunity in Greenville, NC",Brody School of Medicine at East Carolina University,"Greenville, North Carolina, United States",likely,MEDICIN,,not stated,2026-07-14T16:31:39.000Z,HiringCafe,https://www.practicematch.com/physicians/job-details.cfm/1076947/emergency-medicine/north-carolina/greenville/ecu-health-medical-center/
"Associate Director, Study Toxicologist",Madrigalpharma,"Conshohocken, Pennsylvania, United States",not_found,,$178k–$218k/yr,not stated,2026-07-15T00:00:00.000Z,HiringCafe,https://madrigalpharma.wd501.myworkdayjobs.com/madrigal/job/PA---Conshohocken---Office/Associate-Director--Study-Toxicologist_JR_000807-1
Regional Drinking Water Subject Matter Expert,Dewberry,"Rancho Cordova, CA",not_found,,"$180,000-$200,000 annually",not stated,2026-07-15,LinkedIn,https://www.linkedin.com/jobs/view/4440260154/
Northwest Area Drinking Water Practice Manager,Brown and Caldwell,"Portland, OR",likely,N-and Group LTD,"$117,000 - $159,000",not stated,2026-07-15,LinkedIn,https://www.linkedin.com/jobs/view/4426853431/
Scientist 1 – Water Quality – Northern Wyoming,Apex Companies,"Gillette, Wyoming, United States",not_found,,,not stated,2026-07-15T13:17:40.000Z,HiringCafe,https://job-boards.greenhouse.io/apexcompanies/jobs/5351083008
Watershed Aide (Fisheries),Marin Municipal Water District,Northern Bay Area,not_found,,$26.48-$30.56 Hourly,not stated,,CalOpps,https://www.calopps.org/marin-municipal-water-district/job-20758936
Associate Director of Toxicology,Kelly,San Diego Metropolitan Area,likely,Ballykelly Consulting Ltd,"$170,000.00/yr - $250,000.00/yr",not stated,2026-07-15,LinkedIn,https://www.linkedin.com/jobs/view/4439971229/
Remediation Project Manager,"Remedial Construction Services, L.P. (RECON)","San Francisco, CA",likely,On Services UK Ltd,"$90,000 - $130,000 per year",not stated,2026-07-15,LinkedIn,https://www.linkedin.com/jobs/view/4439958789/
Sr. Environmental Analyst,Pacific Power,"Portland, OR",not_found,,"$102,000-$140,250",not stated,2026-07-15,LinkedIn,https://www.linkedin.com/jobs/view/4440904083/
"Principal Consultant, Air Quality",ERM,"Midland, Western Australia, Australia",not_found,,,not stated,2026-07-15,LinkedIn,https://www.linkedin.com/jobs/view/4438032612/
Environmental Scientist,Timmons Group,"Raleigh, North Carolina, United States",not_found,,,not stated,2026-07-14T15:22:59.723Z,HiringCafe,https://jobs.smartrecruiters.com/TimmonsGroup1/744000137694639-environmental-scientist
"Compliance, Threat & Risk Assessment Manager",Coinbase,United States,not_found,,$162k–$191k/yr,not stated,2026-07-14T17:32:12.000Z,HiringCafe,https://www.coinbase.com/careers/positions/8064692?gh_jid=8064692
Senior Water Quality Program Specialist,"City of Gresham, OR","Gresham, OR, US",not_found,,$81k–$103k/yr,not stated,2026-07-13,Indeed,https://www.indeed.com/viewjob?jk=aebda790f673cde4
Environmental Protection Specialist,DLA Careers,"Camp Pendleton South, CA",likely,Care & Co Ltd,,not stated,2026-07-14,LinkedIn,https://www.linkedin.com/jobs/view/4439920392/
Environmental Specialist,Bechtel Corporation,"Cloncurry, Queensland, Australia",likely,Bechtel Limited,,not stated,2026-07-14,LinkedIn,https://www.linkedin.com/jobs/view/4430899851/
Environmental Science Educator - Yosemite,NatureBridge,"El Portal, CA",likely,"Bridge UK, Limited",,not stated,2026-07-14,LinkedIn,https://www.linkedin.com/jobs/view/4440826326/
SENIOR ENVIRONMENTAL SCIENTIST (SPECIALIST),STATE WATER RESOURCES CONTROL BOARD,"CA, US",likely,Ontro Ltd,$7820–$11k/mo,not stated,2026-07-14,Indeed,https://www.indeed.com/viewjob?jk=8518b3b3e93ffd58
Environmental Compliance Specialist,hims & hers,"Menlo Park, CA",not_found,,,not stated,2026-07-14,LinkedIn,https://www.linkedin.com/jobs/view/4440812105/
"Compliance, Threat & Risk Assessment Manager",Coinbase,"San Francisco, CA",not_found,,"$162,010 USD - $190,600 USD",not stated,2026-07-14,LinkedIn,https://www.linkedin.com/jobs/view/4440803189/
Toxicologist 9-P11/12 - Hazardous Waste Program,"State of Michigan, MI","Lansing, Michigan, United States",not_found,,$58k–$100k/yr,not stated,2026-07-14T15:04:04.512Z,HiringCafe,https://www.governmentjobs.com/careers/michigan/jobs/5404665
Environmental Specialist I,"Carlsbad, City of (CA)","Carlsbad, CA",not_found,,"$69,721.60 - $84,822.40 Annually",not stated,,NEOGOV,https://www.governmentjobs.com/jobs/5407714-0/environmental-specialist-i
ENVIRONMENTAL SCIENTIST,DEPARTMENT OF FISH AND WILDLIFE,"CA, US",likely,The Department UK Ltd,$4418–$9321/mo,not stated,2026-07-14,Indeed,https://www.indeed.com/viewjob?jk=87ad5965798a2959
SENIOR ENVIRONMENTAL SCIENTIST (SUPERVISORY),CA HIGH SPEED RAIL AUTHORITY,"CA, US",likely,Speed Group (Holdings) Ltd,$11k–$13k/mo,not stated,2026-07-14,Indeed,https://www.indeed.com/viewjob?jk=6054214644fc1183
SENIOR ENVIRONMENTAL SCIENTIST (SUPERVISORY),DEPARTMENT OF FISH AND WILDLIFE,"CA, US",likely,The Department UK Ltd,$11k–$13k/mo,not stated,2026-07-14,Indeed,https://www.indeed.com/viewjob?jk=2c9ea067369fc7cd
SENIOR ENVIRONMENTAL SCIENTIST (SUPERVISORY),CA HIGH SPEED RAIL AUTHORITY,"CA, US",likely,Speed Group (Holdings) Ltd,$11k–$13k/mo,not stated,2026-07-14,Indeed,https://www.indeed.com/viewjob?jk=077140e43e506bae
ENVIRONMENTAL SCIENTIST,California Department of Pesticide Regulation,"CA, US",likely,The Department UK Ltd,$4418–$9321/mo,not stated,2026-07-14,Indeed,https://www.indeed.com/viewjob?jk=d954c52edc058d88
Environmental Monitoring Program Manager I,"City of Salem, Oregon","Salem, OR, US",likely,Alem Ltd,$7014–$9427/mo,not stated,2026-07-13,Indeed,https://www.indeed.com/viewjob?jk=067e22b0aa8b2e4b
Environmental Specialist II,Veolia,"Azusa, CA",likely,Veolia ES (UK) Ltd,$24 to $28 per hour,not stated,2026-07-14,LinkedIn,https://www.linkedin.com/jobs/view/4440571997/
Environmental Compliance Specialist,Pacific Seafood,"Clackamas, OR",confirmed,Pacific Seafood Ltd,"$75,000 - $100,000",not stated,2026-07-14,LinkedIn,https://www.linkedin.com/jobs/view/4432295181/
Dep Chief Toxicologist,District of Columbia Government,"Washington, District of Columbia, United States",not_found,,$114k–$160k/yr,not stated,2026-07-13T12:00:00.000Z,HiringCafe,https://careers.dc.gov/psc/erecruit/APPLICANT/CAREERS/c/HRS_HRAM_FL.HRS_CG_SEARCH_FL.GBL?Page=HRS_APP_JBPST_FL&Action=U&FOCUS=Applicant&JobOpeningId=32863&PostingSeq=1&SiteId=1
Environmental Scientist- Senior Environmental Permitter,Vantage Point Solutions,"Rapid City, South Dakota, United States",not_found,,$62k–$71k/yr,not stated,2026-07-13T20:36:28.992Z,HiringCafe,https://vantage-point-solutions-inc.breezy.hr/p/dc66f397e980-environmental-scientist-senior-environmental-permitter
Ecotoxicologist (Ph.D.),About Exponent,"Natick, Massachusetts, United States",not_found,,$92k–$112k/yr,not stated,2026-07-13T04:00:00.000Z,HiringCafe,https://careers-exponent.icims.com/jobs/2503/ecotoxicologist-%28ph.d.%29/job?in_iframe=1
Senior Environmental Scientist (NMED #12153),New Mexico Environment Department (NMED),"Santa Fe, New Mexico, United States",likely,The Department UK Ltd,$76k–$114k/yr,not stated,2026-07-13T12:00:00.000Z,HiringCafe,https://careers.share.nm.gov/psc/hprdcg/EMPLOYEE/HRMS/c/HRS_HRAM_FL.HRS_CG_SEARCH_FL.GBL?Page=HRS_APP_JBPST_FL&Action=U&FOCUS=Applicant&JobOpeningId=165393&PostingSeq=1&SiteId=1
Principal Environmental Scientist/Planner,Onterris,"York Street, New South Wales, Australia",not_found,,,not stated,2026-07-14,LinkedIn,https://www.linkedin.com/jobs/view/4439806322/
"Scientist I - Eurofins Drinking Water and Wastewater West, Corvallis, OR",Eurofins Environment Testing (USA),"Corvallis, OR",likely,Test Incorporated Limited,$22.20/hr - $27.00/hr,not stated,2026-07-14,LinkedIn,https://www.linkedin.com/jobs/view/4440364144/
CSST/Staff Environmental Scientist,SOCOTEC US,"Irvine, CA",likely,Socotec UK Limited,"$75,000.00/yr - $85,000.00/yr",not stated,2026-07-13,LinkedIn,https://www.linkedin.com/jobs/view/4377523774/
Environmental Scientist 1,Atlas Technical Consultants,Redmond or Moclips,likely,Atlas Technica UK Ltd,$62k–$75k/yr,not stated,2026-07-08T03:00:00.000Z,HiringCafe,http://oneatlas.hrmdirect.com/employment/view.php?req=3757595
Water Resources Manager,WESA,"Lake Elsinore, CA",not_found,,"$15,932.11/mo - $20,898.37/mo",not stated,2026-07-13,LinkedIn,https://www.linkedin.com/jobs/view/4439477252/
Supervisory Biologist/Toxicologist/Physical Scientist/Chemist,Environmental Protection Agency,Washington or Duluth or Cincinnati,likely,Agency Inc Ltd,$148k–$197k/yr,not stated,2026-07-13T11:20:02.163Z,HiringCafe,https://www.usajobs.gov/job/876261300
Assistant Water Resources Specialist I/II (Limited Term),Valley Water,South Bay,not_found,,"$118,060.80-$151,049.60 Annually",not stated,,CalOpps,https://www.calopps.org/valley-water/job-20757794
Biologist/Entomologist/Toxicologist/Physical Scientist/Chemist,Environmental Protection Agency,"Washington, District of Columbia",likely,Agency Inc Ltd,"Starting at $61,722 Per year (GS 9)",not stated,2026-07-13,USAJOBS,https://www.usajobs.gov/job/876163500
Environmental Specialist,Republic Services,"Santee, CA",likely,Food Republic Services Limited,"$75,000.00 to $103,050.00",not stated,2026-07-13,LinkedIn,https://www.linkedin.com/jobs/view/4439432366/
Environmental Specialist I,Veolia,"Escondido, CA",likely,Veolia ES (UK) Ltd,$25 to $27 per hour,not stated,2026-07-13,LinkedIn,https://www.linkedin.com/jobs/view/4440057732/
Principal Environmental Scientist - Environmental Impact Assessment,AECOM,"Darwin, Northern Territory, Australia",confirmed,AECOM LIMITED,,not stated,2026-07-13,LinkedIn,https://www.linkedin.com/jobs/view/4423402582/
Principal Practice Leader - Air Quality,Geosyntec Consultants,"San Diego, CA",confirmed,Geosyntec Consultants Ltd,"$149,330/year - $209,060/year",not stated,2026-07-12,LinkedIn,https://www.linkedin.com/jobs/view/4410885192/
Environmental Health Officer (Public Health Unit) - Perm FT,South Western Sydney Local Health District,"Liverpool, New South Wales, Australia",likely,Tern PLC,"$77,299.00 - $123,490.00 per annum",not stated,2026-07-12,LinkedIn,https://www.linkedin.com/jobs/view/4437965434/
"Water Quality and Life Support Area Manager $80,000-$95,000/Year",Six Flags Entertainment Corporation,"Vallejo, CA",not_found,,"$80,000-$95,000/Year",not stated,2026-07-12,LinkedIn,https://www.linkedin.com/jobs/view/4439588464/
Environmental Scientist,Utah Department of Environmental Quality,"Salt Lake City, Utah, United States",likely,The Department UK Ltd,$54k–$112k/yr,not stated,2026-07-01T00:00:00.000Z,HiringCafe,https://utdgohcm.csod.com/ux/ats/careersite/4/home/requisition/1592?c=utdgohcm
